<?xml version="1.0" encoding="UTF-8"?>
<!--
 This is a WordPress eXtended RSS file generated by WordPress as an export of your site.
 It contains information about your site's posts, pages, comments, categories, and other content.
 You may use this file to transfer that content from one site to another.
 This file is not intended to serve as a complete backup of your site.

 To import this information into a WordPress site follow these steps:
 1. Log in to that site as an administrator.
 2. Go to Tools: Import in the WordPress admin panel.
 3. Install the "WordPress" importer from the list.
 4. Activate & Run Importer.
 5. Upload this file using the form provided on that page.
 6. You will first be asked to map the authors in this export file to users
    on the site. For each author, you may choose to map to an
    existing user on the site or to create a new user.
 7. WordPress will then import each of the posts, pages, comments, categories, etc.
    contained in this file into your site.
-->
<!-- generator="WordPress.com" created="2024-01-07 13:48"-->
<rss version="2.0" xmlns:excerpt="http://wordpress.org/export/1.2/excerpt/" xmlns:content="http://purl.org/rss/1.0/modules/content/" xmlns:wfw="http://wellformedweb.org/CommentAPI/" xmlns:dc="http://purl.org/dc/elements/1.1/" xmlns:wp="http://wordpress.org/export/1.2/">
  <channel>
<title>Jasa Sedot WC Tangerang Selatan</title>
<link>https://sedotwctangsel5.wordpress.com</link>
<description>WC Mampet? Panggil Kami, Kami Solusinya</description>
<pubDate>Sun, 07 Jan 2024 13:48:51 +0000</pubDate>
<language>id-ID</language>
<wp:wxr_version>1.2</wp:wxr_version>
<wp:base_site_url>http://wordpress.com/</wp:base_site_url>
<wp:base_blog_url>https://sedotwctangsel5.wordpress.com</wp:base_blog_url>
<wp:author>
  <wp:author_id>244310329</wp:author_id>
  <wp:author_login>lukmanulhakimti21</wp:author_login>
  <wp:author_email>lukmanul.hakim_ti21@nusaputra.ac.id</wp:author_email>
  <wp:author_display_name><![CDATA[LUKMANUL HAKIM JAYADI]]></wp:author_display_name>
  <wp:author_first_name><![CDATA[LUKMANUL]]></wp:author_first_name>
  <wp:author_last_name><![CDATA[HAKIM JAYADI]]></wp:author_last_name>
</wp:author>
<wp:category>
  <wp:term_id>196341</wp:term_id>
  <wp:category_nicename>tidak-dikategorikan</wp:category_nicename>
  <wp:category_parent/>
  <wp:cat_name><![CDATA[Tidak Dikategorikan]]></wp:cat_name>
</wp:category>
<generator>http://wordpress.com/</generator>

<image>
	<url>https://sedotwctangsel5.files.wordpress.com/2023/12/wc.jpg?w=32</url>
	<title>Jasa Sedot WC Tangerang Selatan</title>
	<link>https://sedotwctangsel5.wordpress.com</link>
	<width>32</width>
	<height>32</height>
</image> 
<item>
  <title><![CDATA[Artikel Jasa Sedot WC Tangerang Selatan]]></title>
  <link>https://sedotwctangsel5.wordpress.com/?page_id=1</link>
  <pubDate>Mon, 25 Dec 2023 17:48:21 +0000</pubDate>
  <dc:creator>lukmanulhakimti21</dc:creator>
  <guid isPermaLink="false">http://sedotwctangsel5.wordpress.com/?page_id=1</guid>
  <description/>
  <content:encoded><![CDATA[<!-- wp:group {"align":"full","layout":{"type":"constrained"}} -->
<div class="wp-block-group alignfull"><!-- wp:columns {"align":"wide","style":{"spacing":{"blockGap":{"left":"var:preset|spacing|60"},"margin":{"bottom":"var:preset|spacing|70"}}}} -->
<div class="wp-block-columns alignwide" style="margin-bottom:var(--wp--preset--spacing--70)"><!-- wp:column {"width":"66%"} -->
<div class="wp-block-column" style="flex-basis:66%"><!-- wp:gallery {"linkTo":"none"} -->
<figure class="wp-block-gallery has-nested-images columns-default is-cropped"><!-- wp:image {"id":24,"sizeSlug":"large","linkDestination":"none"} -->
<figure class="wp-block-image size-large"><img src="https://sedotwctangsel5.files.wordpress.com/2023/12/layanan-1-1.png?w=1024" alt="" class="wp-image-24" /></figure>
<!-- /wp:image --></figure>
<!-- /wp:gallery --></div>
<!-- /wp:column -->

<!-- wp:column {"verticalAlignment":"bottom","style":{"spacing":{"blockGap":"var:preset|spacing|40"}}} -->
<div class="wp-block-column is-vertically-aligned-bottom"><!-- wp:heading {"fontSize":"large"} -->
<h2 class="wp-block-heading has-large-font-size">Alamat :</h2>
<!-- /wp:heading -->

<!-- wp:paragraph {"align":"justify"} -->
<p class="has-text-align-justify">Jl. Surya Kencana Gg kemuning 3 Rt.001 Rw.006 Kelurahan pamulang barat kecamatan pamulang tangsel-banten</p>
<!-- /wp:paragraph --></div>
<!-- /wp:column --></div>
<!-- /wp:columns --></div>
<!-- /wp:group -->

<!-- wp:group {"style":{"spacing":{"margin":{"bottom":"var:preset|spacing|70"}}},"layout":{"type":"constrained"}} -->
<div class="wp-block-group" style="margin-bottom:var(--wp--preset--spacing--70)"><!-- wp:heading -->
<h2 class="wp-block-heading">JASA SEDOT WC TANGERANG SELATAN</h2>
<!-- /wp:heading -->

<!-- wp:paragraph {"align":"justify"} -->
<p class="has-text-align-justify">Jasa Sedot Wc Tangerang Selatan memiliki tenaga ahli yang berpengalaman, serta peralatan / armada yang cukup lengkap dan memadai untuk segala medan. Layanan kami mampu mengerjakan tanpa harus membongkar.</p>
<!-- /wp:paragraph -->

<!-- wp:heading -->
<h2 class="wp-block-heading">Artikel</h2>
<!-- /wp:heading -->

<!-- wp:paragraph {"align":"justify"} -->
<p class="has-text-align-justify">Sedot WC Tangerang Selatan ( Tangsel ) adalah penyedia sedot Wc yang sudah sangat berpengalaman di bidangnya.Dalam kehidupan sehari-hari, WC yang sehat dan bersih merupakan faktor penting untuk menjaga kesehatan dan kenyamanan kita. Namun, seringkali kita menghadapi masalah seperti WC yang mampet atau bau tak sedap. Jangan khawatir, karena Sedot WC Tangerang Selatan ( Tangsel ) akan memberikan pelayanan praktis untuk mengatasi masalah tersebut.</p>
<!-- /wp:paragraph -->

<!-- wp:paragraph {"align":"justify"} -->
<p class="has-text-align-justify">Kami Sedot WC Tangerang Selatan ( Tangsel ) sudah lama bergerak di bidang jasa penyedotan WC sejak tahun 2010. Pengalaman kami Sudah lebih dari 10 tahun lamanya kami sudah sangat dipercaya untuk memberikan jasa kepada masyarakat Tangerang Selatan &amp; Sekitarnya sudah merupakan tanggung jawab bagi kami untuk menyelesaikan setiap permasalahan secara professional, rapi, tuntas dan efisien. Pekerja / Team kami adalah pekerja yang terlatih dibidangnya yang sudah tidak diragukan lagi kinerjanya. Kami siap melayani Anda &amp; menyediakan jasa layanan 24 jam untuk permasalahan limbah anda. Harga Terjangkau..!!</p>
<!-- /wp:paragraph --></div>
<!-- /wp:group -->

<!-- wp:cover {"url":"https://sedotwctangsel5.files.wordpress.com/2023/12/wc-1.jpg","id":26,"dimRatio":10,"overlayColor":"primary","isUserOverlayColor":true,"minHeight":430,"minHeightUnit":"px","isDark":false,"align":"full","style":{"elements":{"link":{"color":{"text":"var:preset|color|background"}}}},"textColor":"background","layout":{"type":"constrained"}} -->
<div class="wp-block-cover alignfull is-light has-background-color has-text-color has-link-color" style="min-height:430px"><span aria-hidden="true" class="wp-block-cover__background has-primary-background-color has-background-dim-10 has-background-dim"></span><img class="wp-block-cover__image-background wp-image-26" alt="" src="https://sedotwctangsel5.files.wordpress.com/2023/12/wc-1.jpg" data-object-fit="cover" /><div class="wp-block-cover__inner-container"><!-- wp:paragraph {"align":"center","placeholder":"Tulis judul...","fontSize":"large"} -->
<p class="has-text-align-center has-large-font-size"></p>
<!-- /wp:paragraph --></div></div>
<!-- /wp:cover -->]]></content:encoded>
  <excerpt:encoded><![CDATA[]]></excerpt:encoded>
  <wp:post_id>1</wp:post_id>
  <wp:post_date>2023-12-26 00:48:21</wp:post_date>
  <wp:post_date_gmt>2023-12-25 17:48:21</wp:post_date_gmt>
  <wp:post_modified>2023-12-26 21:40:20</wp:post_modified>
  <wp:post_modified_gmt>2023-12-26 14:40:20</wp:post_modified_gmt>
  <wp:comment_status>closed</wp:comment_status>
  <wp:ping_status>open</wp:ping_status>
  <wp:post_name>tentang</wp:post_name>
  <wp:status>draft</wp:status>
  <wp:post_parent>0</wp:post_parent>
  <wp:menu_order>0</wp:menu_order>
  <wp:post_type>page</wp:post_type>
  <wp:post_password/>
  <wp:is_sticky>0</wp:is_sticky>
  <wp:postmeta>
    <wp:meta_key>_wp_page_template</wp:meta_key>
    <wp:meta_value><![CDATA[default]]></wp:meta_value>
  </wp:postmeta>
  <wp:postmeta>
    <wp:meta_key>_publicize_pending</wp:meta_key>
    <wp:meta_value><![CDATA[1]]></wp:meta_value>
  </wp:postmeta>
  <wp:postmeta>
    <wp:meta_key>_rest_api_published</wp:meta_key>
    <wp:meta_value><![CDATA[1]]></wp:meta_value>
  </wp:postmeta>
  <wp:postmeta>
    <wp:meta_key>_rest_api_client_id</wp:meta_key>
    <wp:meta_value><![CDATA[-1]]></wp:meta_value>
  </wp:postmeta>
</item>
<item>
  <title><![CDATA[Halo Dunia!]]></title>
  <link>https://sedotwctangsel5.wordpress.com/2023/12/25/hello-world/</link>
  <pubDate>Mon, 25 Dec 2023 13:34:38 +0000</pubDate>
  <dc:creator>lukmanulhakimti21</dc:creator>
  <guid isPermaLink="false">https://sedotwctangsel5.wordpress.com/2023/12/25/hello-world/</guid>
  <description/>
  <content:encoded><![CDATA[<!-- wp:paragraph -->
<p>Selamat Datang di WordPress! Ini adalah pos pertama Anda. Sunting atau hapus pos tersebut sebagai langkah pertama dalam perjalanan blogging Anda.</p>
<!-- /wp:paragraph -->]]></content:encoded>
  <excerpt:encoded><![CDATA[]]></excerpt:encoded>
  <wp:post_id>2</wp:post_id>
  <wp:post_date>2023-12-25 20:34:38</wp:post_date>
  <wp:post_date_gmt>2023-12-25 13:34:38</wp:post_date_gmt>
  <wp:post_modified>2023-12-25 20:34:38</wp:post_modified>
  <wp:post_modified_gmt>2023-12-25 13:34:38</wp:post_modified_gmt>
  <wp:comment_status>open</wp:comment_status>
  <wp:ping_status>open</wp:ping_status>
  <wp:post_name>hello-world</wp:post_name>
  <wp:status>publish</wp:status>
  <wp:post_parent>0</wp:post_parent>
  <wp:menu_order>0</wp:menu_order>
  <wp:post_type>post</wp:post_type>
  <wp:post_password/>
  <wp:is_sticky>0</wp:is_sticky>
  <category domain="category" nicename="tidak-dikategorikan"><![CDATA[Tidak Dikategorikan]]></category>
  <wp:postmeta>
    <wp:meta_key>_headstart_post</wp:meta_key>
    <wp:meta_value><![CDATA[_hs_extra]]></wp:meta_value>
  </wp:postmeta>
  <wp:postmeta>
    <wp:meta_key>sharing_disabled</wp:meta_key>
    <wp:meta_value><![CDATA[a:1:{i:0;N;}]]></wp:meta_value>
  </wp:postmeta>
  <wp:postmeta>
    <wp:meta_key>switch_like_status</wp:meta_key>
    <wp:meta_value><![CDATA[a:1:{i:0;N;}]]></wp:meta_value>
  </wp:postmeta>
  <wp:postmeta>
    <wp:meta_key>_starter_page_template</wp:meta_key>
    <wp:meta_value><![CDATA[]]></wp:meta_value>
  </wp:postmeta>
  <wp:postmeta>
    <wp:meta_key>_hs_old_id</wp:meta_key>
    <wp:meta_value><![CDATA[4]]></wp:meta_value>
  </wp:postmeta>
  <wp:postmeta>
    <wp:meta_key>_wpas_skip_all_services</wp:meta_key>
    <wp:meta_value><![CDATA[1]]></wp:meta_value>
  </wp:postmeta>
  <wp:postmeta>
    <wp:meta_key>_publicize_pending</wp:meta_key>
    <wp:meta_value><![CDATA[1]]></wp:meta_value>
  </wp:postmeta>
</item>
<item>
  <title><![CDATA[Custom Styles]]></title>
  <link>https://sedotwctangsel5.wordpress.com/2023/12/25/wp-global-styles-pub%2fcreatio-2/</link>
  <pubDate>Mon, 25 Dec 2023 14:01:20 +0000</pubDate>
  <dc:creator>lukmanulhakimti21</dc:creator>
  <guid isPermaLink="false">https://sedotwctangsel5.wordpress.com/2023/12/25/wp-global-styles-pub%2fcreatio-2/</guid>
  <description/>
  <content:encoded><![CDATA[{"styles":{"color":{"background":"var(--wp--preset--color--cyan-bluish-gray)"},"elements":{"button":{"color":{"text":"var(--wp--preset--color--light-green-cyan)"}}}},"settings":{"color":{"palette":{"default":[{"name":"Black","slug":"black","color":"#000000"},{"name":"Cyan bluish gray","slug":"cyan-bluish-gray","color":"#abb8c3"},{"name":"White","slug":"white","color":"#ffffff"},{"name":"Pale pink","slug":"pale-pink","color":"#301219"},{"name":"Vivid red","slug":"vivid-red","color":"#cf2e2e"},{"name":"Luminous vivid orange","slug":"luminous-vivid-orange","color":"#ff6900"},{"name":"Luminous vivid amber","slug":"luminous-vivid-amber","color":"#fcb900"},{"name":"Light green cyan","slug":"light-green-cyan","color":"#7bdcb5"},{"name":"Vivid green cyan","slug":"vivid-green-cyan","color":"#00d084"},{"name":"Pale cyan blue","slug":"pale-cyan-blue","color":"#8ed1fc"},{"name":"Vivid cyan blue","slug":"vivid-cyan-blue","color":"#0693e3"},{"name":"Vivid purple","slug":"vivid-purple","color":"#9b51e0"}]}}},"version":2,"isGlobalStylesUserThemeJSON":true}]]></content:encoded>
  <excerpt:encoded><![CDATA[]]></excerpt:encoded>
  <wp:post_id>3</wp:post_id>
  <wp:post_date>2023-12-25 21:01:20</wp:post_date>
  <wp:post_date_gmt>2023-12-25 14:01:20</wp:post_date_gmt>
  <wp:post_modified>2023-12-26 21:35:21</wp:post_modified>
  <wp:post_modified_gmt>2023-12-26 14:35:21</wp:post_modified_gmt>
  <wp:comment_status>closed</wp:comment_status>
  <wp:ping_status>closed</wp:ping_status>
  <wp:post_name>wp-global-styles-pub%2fcreatio-2</wp:post_name>
  <wp:status>publish</wp:status>
  <wp:post_parent>0</wp:post_parent>
  <wp:menu_order>0</wp:menu_order>
  <wp:post_type>wp_global_styles</wp:post_type>
  <wp:post_password/>
  <wp:is_sticky>0</wp:is_sticky>
  <category domain="wp_theme" nicename="creatio-2"><![CDATA[creatio-2]]></category>
  <wp:postmeta>
    <wp:meta_key>_publicize_pending</wp:meta_key>
    <wp:meta_value><![CDATA[1]]></wp:meta_value>
  </wp:postmeta>
</item>
<item>
  <title><![CDATA[Beranda]]></title>
  <link>https://sedotwctangsel5.wordpress.com/2023/12/25/home/</link>
  <pubDate>Mon, 25 Dec 2023 14:01:22 +0000</pubDate>
  <dc:creator>lukmanulhakimti21</dc:creator>
  <guid isPermaLink="false">https://sedotwctangsel5.wordpress.com/2023/12/25/home/</guid>
  <description/>
  <content:encoded><![CDATA[<!-- wp:paragraph -->
<p></p>
<!-- /wp:paragraph -->

<!-- wp:paragraph -->
<p></p>
<!-- /wp:paragraph -->]]></content:encoded>
  <excerpt:encoded><![CDATA[]]></excerpt:encoded>
  <wp:post_id>4</wp:post_id>
  <wp:post_date>2023-12-25 21:01:22</wp:post_date>
  <wp:post_date_gmt>2023-12-25 14:01:22</wp:post_date_gmt>
  <wp:post_modified>2023-12-25 22:07:45</wp:post_modified>
  <wp:post_modified_gmt>2023-12-25 15:07:45</wp:post_modified_gmt>
  <wp:comment_status>closed</wp:comment_status>
  <wp:ping_status>closed</wp:ping_status>
  <wp:post_name>home</wp:post_name>
  <wp:status>publish</wp:status>
  <wp:post_parent>0</wp:post_parent>
  <wp:menu_order>0</wp:menu_order>
  <wp:post_type>wp_template</wp:post_type>
  <wp:post_password/>
  <wp:is_sticky>0</wp:is_sticky>
  <category domain="wp_theme" nicename="creatio-2"><![CDATA[creatio-2]]></category>
  <wp:postmeta>
    <wp:meta_key>is_wp_suggestion</wp:meta_key>
    <wp:meta_value><![CDATA[1]]></wp:meta_value>
  </wp:postmeta>
</item>
<item>
  <title><![CDATA[Header]]></title>
  <link>https://sedotwctangsel5.wordpress.com/2023/12/25/header/</link>
  <pubDate>Mon, 25 Dec 2023 14:01:22 +0000</pubDate>
  <dc:creator>lukmanulhakimti21</dc:creator>
  <guid isPermaLink="false">https://sedotwctangsel5.wordpress.com/2023/12/25/header/</guid>
  <description/>
  <content:encoded><![CDATA[<!-- wp:group {"align":"full","style":{"elements":{"link":{"color":{"text":"var:preset|color|background"}}},"spacing":{"padding":{"top":"var:preset|spacing|40","left":"var:preset|spacing|50","right":"var:preset|spacing|50"},"blockGap":"var:preset|spacing|50"}},"backgroundColor":"primary","textColor":"background","layout":{"type":"constrained"}} -->
<div class="wp-block-group alignfull has-background-color has-primary-background-color has-text-color has-background has-link-color" style="padding-top:var(--wp--preset--spacing--40);padding-right:var(--wp--preset--spacing--50);padding-left:var(--wp--preset--spacing--50)"><!-- wp:columns {"align":"full","style":{"spacing":{"blockGap":{"left":"0"},"padding":{"right":"var:preset|spacing|50","left":"var:preset|spacing|50"}}}} -->
<div class="wp-block-columns alignfull" style="padding-right:var(--wp--preset--spacing--50);padding-left:var(--wp--preset--spacing--50)"><!-- wp:column {"verticalAlignment":"center","width":"21.5%","style":{"spacing":{"padding":{"right":"0","left":"0"}}}} -->
<div class="wp-block-column is-vertically-aligned-center" style="padding-right:0;padding-left:0;flex-basis:21.5%"><!-- wp:social-links {"iconColor":"background","iconColorValue":"#ffffff","size":"has-small-icon-size","align":"center","className":"is-style-logos-only","layout":{"type":"flex","justifyContent":"center","flexWrap":"wrap"}} -->
<ul class="wp-block-social-links aligncenter has-small-icon-size has-icon-color is-style-logos-only"><!-- wp:social-link {"url":"https://facebook.com/","service":"facebook"} /-->

<!-- wp:social-link {"url":"https://twitter.com/","service":"twitter"} /-->

<!-- wp:social-link {"url":"https://instagram.com/","service":"instagram"} /-->

<!-- wp:social-link {"url":"https://tiktok.com/","service":"tiktok"} /-->

<!-- wp:social-link {"url":"https://youtube.com/","service":"youtube"} /--></ul>
<!-- /wp:social-links --></div>
<!-- /wp:column -->

<!-- wp:column {"width":"","layout":{"type":"default"}} -->
<div class="wp-block-column"></div>
<!-- /wp:column -->

<!-- wp:column {"verticalAlignment":"center","width":"21%","style":{"spacing":{"padding":{"right":"3vw","left":"3vw"}}}} -->
<div class="wp-block-column is-vertically-aligned-center" style="padding-right:3vw;padding-left:3vw;flex-basis:21%"><!-- wp:group {"layout":{"type":"flex","flexWrap":"nowrap","justifyContent":"space-between"}} -->
<div class="wp-block-group"><!-- wp:search {"label":"Search","showLabel":false,"placeholder":"Search","widthUnit":"%","buttonText":"Search","buttonPosition":"button-inside","buttonUseIcon":true,"style":{"border":{"radius":"0px","color":"#4a4a4a","width":"1px"},"typography":{"fontSize":"0.87rem"},"layout":{"selfStretch":"fill","flexSize":null}}} /--></div>
<!-- /wp:group --></div>
<!-- /wp:column --></div>
<!-- /wp:columns -->

<!-- wp:site-logo {"width":482,"shouldSyncIcon":true,"align":"center"} /-->

<!-- wp:site-title {"textAlign":"center","align":"wide"} /-->

<!-- wp:group {"align":"full","style":{"border":{"top":{"color":"#fafafa54","style":"solid","width":"1px"},"bottom":[],"right":[],"left":[]},"spacing":{"padding":{"top":"1rem","bottom":"1rem"},"margin":{"top":"1.5rem"}}},"layout":{"type":"constrained"}} -->
<div class="wp-block-group alignfull" style="border-top-color:#fafafa54;border-top-style:solid;border-top-width:1px;margin-top:1.5rem;padding-top:1rem;padding-bottom:1rem"><!-- wp:navigation {"ref":10,"layout":{"type":"flex","setCascadingProperties":true,"justifyContent":"center"}} /--></div>
<!-- /wp:group --></div>
<!-- /wp:group -->]]></content:encoded>
  <excerpt:encoded><![CDATA[]]></excerpt:encoded>
  <wp:post_id>5</wp:post_id>
  <wp:post_date>2023-12-25 21:01:22</wp:post_date>
  <wp:post_date_gmt>2023-12-25 14:01:22</wp:post_date_gmt>
  <wp:post_modified>2023-12-25 22:07:45</wp:post_modified>
  <wp:post_modified_gmt>2023-12-25 15:07:45</wp:post_modified_gmt>
  <wp:comment_status>closed</wp:comment_status>
  <wp:ping_status>closed</wp:ping_status>
  <wp:post_name>header</wp:post_name>
  <wp:status>publish</wp:status>
  <wp:post_parent>0</wp:post_parent>
  <wp:menu_order>0</wp:menu_order>
  <wp:post_type>wp_template_part</wp:post_type>
  <wp:post_password/>
  <wp:is_sticky>0</wp:is_sticky>
  <category domain="wp_template_part_area" nicename="header"><![CDATA[header]]></category>
  <category domain="wp_theme" nicename="creatio-2"><![CDATA[creatio-2]]></category>
  <wp:postmeta>
    <wp:meta_key>origin</wp:meta_key>
    <wp:meta_value><![CDATA[theme]]></wp:meta_value>
  </wp:postmeta>
</item>
<item>
  <title><![CDATA[Footer]]></title>
  <link>https://sedotwctangsel5.wordpress.com/2023/12/25/footer/</link>
  <pubDate>Mon, 25 Dec 2023 14:01:24 +0000</pubDate>
  <dc:creator>lukmanulhakimti21</dc:creator>
  <guid isPermaLink="false">https://sedotwctangsel5.wordpress.com/2023/12/25/footer/</guid>
  <description/>
  <content:encoded><![CDATA[<!-- wp:image {"id":58,"width":"983px","height":"auto","sizeSlug":"large","linkDestination":"none"} -->
<figure class="wp-block-image size-large is-resized"><img src="https://sedotwctangsel5.files.wordpress.com/2023/12/layanan-1-2.png?w=1024" alt="" class="wp-image-58" style="width:983px;height:auto" /></figure>
<!-- /wp:image -->]]></content:encoded>
  <excerpt:encoded><![CDATA[]]></excerpt:encoded>
  <wp:post_id>6</wp:post_id>
  <wp:post_date>2023-12-25 21:01:24</wp:post_date>
  <wp:post_date_gmt>2023-12-25 14:01:24</wp:post_date_gmt>
  <wp:post_modified>2023-12-26 21:35:21</wp:post_modified>
  <wp:post_modified_gmt>2023-12-26 14:35:21</wp:post_modified_gmt>
  <wp:comment_status>closed</wp:comment_status>
  <wp:ping_status>closed</wp:ping_status>
  <wp:post_name>footer</wp:post_name>
  <wp:status>publish</wp:status>
  <wp:post_parent>0</wp:post_parent>
  <wp:menu_order>0</wp:menu_order>
  <wp:post_type>wp_template_part</wp:post_type>
  <wp:post_password/>
  <wp:is_sticky>0</wp:is_sticky>
  <category domain="wp_template_part_area" nicename="footer"><![CDATA[footer]]></category>
  <category domain="wp_theme" nicename="creatio-2"><![CDATA[creatio-2]]></category>
  <wp:postmeta>
    <wp:meta_key>origin</wp:meta_key>
    <wp:meta_value><![CDATA[theme]]></wp:meta_value>
  </wp:postmeta>
</item>
<item>
  <title><![CDATA[Layanan :]]></title>
  <link>https://sedotwctangsel5.wordpress.com/layanan/</link>
  <pubDate>Mon, 25 Dec 2023 14:01:29 +0000</pubDate>
  <dc:creator>lukmanulhakimti21</dc:creator>
  <guid isPermaLink="false">https://sedotwctangsel5.wordpress.com/layanan/</guid>
  <description/>
  <content:encoded><![CDATA[<!-- wp:group {"align":"wide","style":{"spacing":{"blockGap":"var:preset|spacing|70"}},"layout":{"type":"constrained","contentSize":"1200px"}} -->
<div class="wp-block-group alignwide"><!-- wp:list {"ordered":true} -->
<ol><!-- wp:list-item -->
<li><strong>Sedot WC dan Septic Tank:</strong><!-- wp:list -->
<ul><!-- wp:list-item -->
<li>Penyedia jasa biasanya menawarkan layanan sedot WC untuk membersihkan tumpukan kotoran dan limbah di dalam WC dan septik tank.</li>
<!-- /wp:list-item --></ul>
<!-- /wp:list --></li>
<!-- /wp:list-item -->

<!-- wp:list-item -->
<li><strong>Pembersihan Saluran Pipa:</strong><!-- wp:list -->
<ul><!-- wp:list-item -->
<li>Layanan pembersihan saluran pipa yang tersumbat atau mampet, termasuk saluran pembuangan di kamar mandi, dapur, atau tempat lainnya.</li>
<!-- /wp:list-item --></ul>
<!-- /wp:list --></li>
<!-- /wp:list-item -->

<!-- wp:list-item -->
<li><strong>Pemeriksaan dan Evaluasi:</strong><!-- wp:list -->
<ul><!-- wp:list-item -->
<li>Ahli sedot WC akan melakukan pemeriksaan awal untuk menilai kondisi sistem septik tank dan menentukan apakah diperlukan sedot WC atau perawatan khusus.</li>
<!-- /wp:list-item --></ul>
<!-- /wp:list --></li>
<!-- /wp:list-item -->

<!-- wp:list-item -->
<li><strong>Perawatan dan Perbaikan:</strong><!-- wp:list -->
<ul><!-- wp:list-item -->
<li>Selain sedot WC, penyedia jasa dapat menawarkan layanan perawatan dan perbaikan septik tank, termasuk penanganan masalah bau tak sedap, kebocoran, atau kerusakan lainnya.</li>
<!-- /wp:list-item --></ul>
<!-- /wp:list --></li>
<!-- /wp:list-item -->

<!-- wp:list-item -->
<li><strong>Penghapusan Limbah yang Aman:</strong><!-- wp:list -->
<ul><!-- wp:list-item -->
<li>Penyedia jasa sedot WC yang baik akan mengelola limbah yang dihasilkan dengan cara yang aman dan sesuai dengan peraturan lingkungan.</li>
<!-- /wp:list-item --></ul>
<!-- /wp:list --></li>
<!-- /wp:list-item -->

<!-- wp:list-item -->
<li><strong>Jadwal Pemeliharaan Rutin:</strong><!-- wp:list -->
<ul><!-- wp:list-item -->
<li>Memberikan saran tentang jadwal pemeliharaan rutin yang diperlukan untuk mencegah masalah seperti tumpukan limbah atau saluran pipa yang mampet.</li>
<!-- /wp:list-item --></ul>
<!-- /wp:list --></li>
<!-- /wp:list-item -->

<!-- wp:list-item -->
<li><strong>Layanan Darurat:</strong><!-- wp:list -->
<ul><!-- wp:list-item -->
<li>Beberapa penyedia jasa menyediakan layanan darurat 24/7 untuk penanganan segera masalah WC yang mendesak.</li>
<!-- /wp:list-item --></ul>
<!-- /wp:list --></li>
<!-- /wp:list-item -->

<!-- wp:list-item -->
<li><strong>Konsultasi dan Edukasi:</strong><!-- wp:list -->
<ul><!-- wp:list-item -->
<li>Memberikan konsultasi kepada pelanggan tentang cara menjaga kebersihan sistem septik tank dan mencegah masalah di masa depan.</li>
<!-- /wp:list-item --></ul>
<!-- /wp:list --></li>
<!-- /wp:list-item -->

<!-- wp:list-item -->
<li><strong>Penggunaan Peralatan Modern:</strong><!-- wp:list -->
<ul><!-- wp:list-item -->
<li>Penggunaan peralatan modern dan teknologi terkini untuk memastikan efisiensi dan kebersihan dalam proses sedot WC.</li>
<!-- /wp:list-item --></ul>
<!-- /wp:list --></li>
<!-- /wp:list-item -->

<!-- wp:list-item -->
<li><strong>Pembersihan Sistem Pembuangan Limbah Rumah Tangga:</strong><!-- wp:list -->
<ul><!-- wp:list-item -->
<li>Layanan menyeluruh untuk membersihkan dan merawat sistem pembuangan limbah di rumah tangga.</li>
<!-- /wp:list-item --></ul>
<!-- /wp:list --></li>
<!-- /wp:list-item --></ol>
<!-- /wp:list --></div>
<!-- /wp:group -->

<!-- wp:group {"align":"full","style":{"spacing":{"margin":{"top":"var:preset|spacing|70","bottom":"var:preset|spacing|70"},"padding":{"right":"var:preset|spacing|50","left":"var:preset|spacing|50"}}},"layout":{"type":"constrained"}} -->
<div class="wp-block-group alignfull" style="margin-top:var(--wp--preset--spacing--70);margin-bottom:var(--wp--preset--spacing--70);padding-right:var(--wp--preset--spacing--50);padding-left:var(--wp--preset--spacing--50)"><!-- wp:columns {"align":"wide","style":{"spacing":{"blockGap":{"left":"var:preset|spacing|60"}}}} -->
<div class="wp-block-columns alignwide"><!-- wp:column {"style":{"border":{"bottom":{"color":"#4747471a","width":"1px"}},"spacing":{"padding":{"bottom":"var:preset|spacing|50"}}}} -->
<div class="wp-block-column" style="border-bottom-color:#4747471a;border-bottom-width:1px;padding-bottom:var(--wp--preset--spacing--50)"><!-- wp:group {"style":{"spacing":{"blockGap":"20px","padding":{"top":"10px","bottom":"10px"}}},"layout":{"type":"default"}} -->
<div class="wp-block-group" style="padding-top:10px;padding-bottom:10px"><!-- wp:heading -->
<h2 class="wp-block-heading">AREA LAYANAN SEDOT WC TANGSEL</h2>
<!-- /wp:heading -->

<!-- wp:list -->
<ul><!-- wp:list-item -->
<li>Jasa Sedot Wc Tangerang</li>
<!-- /wp:list-item -->

<!-- wp:list-item -->
<li>Jasa Sedot Wc Tangerang Kota</li>
<!-- /wp:list-item -->

<!-- wp:list-item -->
<li>Jasa Sedot Wc Tangerang Selatan</li>
<!-- /wp:list-item -->

<!-- wp:list-item -->
<li>Jasa Sedot Wc Tangsel</li>
<!-- /wp:list-item -->

<!-- wp:list-item -->
<li>Jasa Sedot Wc Ciledug</li>
<!-- /wp:list-item -->

<!-- wp:list-item -->
<li>Jasa Sedot Wc Pamulang</li>
<!-- /wp:list-item -->

<!-- wp:list-item -->
<li>Jasa Sedot Wc Bintaro</li>
<!-- /wp:list-item -->

<!-- wp:list-item -->
<li>Jasa Sedot Wc Pondok Aren</li>
<!-- /wp:list-item -->

<!-- wp:list-item -->
<li>Jasa Sedot Wc Alam Sutera</li>
<!-- /wp:list-item --></ul>
<!-- /wp:list -->

<!-- wp:paragraph -->
<p>Bagi anda yg membutuhkan jasa sedot wc di wilayah tersebut.<br>Anda bisa langsung Menghubungi kami.</p>
<!-- /wp:paragraph --></div>
<!-- /wp:group --></div>
<!-- /wp:column --></div>
<!-- /wp:columns -->

<!-- wp:columns {"align":"wide","style":{"spacing":{"blockGap":{"left":"var:preset|spacing|60"}}}} -->
<div class="wp-block-columns alignwide"><!-- wp:column {"style":{"border":{"bottom":{"color":"#4747471a","width":"1px"}},"spacing":{"padding":{"bottom":"var:preset|spacing|50"}}}} -->
<div class="wp-block-column" style="border-bottom-color:#4747471a;border-bottom-width:1px;padding-bottom:var(--wp--preset--spacing--50)"><!-- wp:group {"style":{"spacing":{"blockGap":"20px","padding":{"top":"10px","right":"0px","bottom":"10px","left":"0px"}}},"layout":{"type":"default"}} -->
<div class="wp-block-group" style="padding-top:10px;padding-right:0px;padding-bottom:10px;padding-left:0px"></div>
<!-- /wp:group --></div>
<!-- /wp:column -->

<!-- wp:column {"style":{"border":{"bottom":{"color":"#4747471a","width":"1px"}},"spacing":{"padding":{"bottom":"var:preset|spacing|50"}}}} -->
<div class="wp-block-column" style="border-bottom-color:#4747471a;border-bottom-width:1px;padding-bottom:var(--wp--preset--spacing--50)"></div>
<!-- /wp:column --></div>
<!-- /wp:columns --></div>
<!-- /wp:group -->

<!-- wp:cover {"url":"https://sedotwctangsel5.files.wordpress.com/2023/12/wc-2.jpg","id":30,"dimRatio":10,"overlayColor":"primary","isUserOverlayColor":true,"isDark":false,"align":"full","style":{"elements":{"link":{"color":{"text":"var:preset|color|background"}}},"spacing":{"blockGap":"var:preset|spacing|30","margin":{"top":"var:preset|spacing|70","bottom":"var:preset|spacing|70"}}},"textColor":"background","layout":{"type":"constrained"}} -->
<div class="wp-block-cover alignfull is-light has-background-color has-text-color has-link-color" style="margin-top:var(--wp--preset--spacing--70);margin-bottom:var(--wp--preset--spacing--70)"><span aria-hidden="true" class="wp-block-cover__background has-primary-background-color has-background-dim-10 has-background-dim"></span><img class="wp-block-cover__image-background wp-image-30" alt="" src="https://sedotwctangsel5.files.wordpress.com/2023/12/wc-2.jpg" data-object-fit="cover" /><div class="wp-block-cover__inner-container"><!-- wp:paragraph {"align":"center","placeholder":"Tulis judul…","style":{"typography":{"fontStyle":"normal","fontWeight":"600"},"elements":{"link":{"color":{"text":"var:preset|color|background"}}}},"textColor":"background","fontSize":"x-large"} -->
<p class="has-text-align-center has-background-color has-text-color has-link-color has-x-large-font-size" style="font-style:normal;font-weight:600">"Layanan dan produk luar biasa dengan harga wajar.”</p>
<!-- /wp:paragraph -->

<!-- wp:paragraph {"align":"center"} -->
<p class="has-text-align-center">— Happy Customer</p>
<!-- /wp:paragraph --></div></div>
<!-- /wp:cover -->

<!-- wp:group {"align":"wide","layout":{"type":"constrained"}} -->
<div class="wp-block-group alignwide"></div>
<!-- /wp:group -->]]></content:encoded>
  <excerpt:encoded><![CDATA[]]></excerpt:encoded>
  <wp:post_id>9</wp:post_id>
  <wp:post_date>2023-12-25 21:01:29</wp:post_date>
  <wp:post_date_gmt>2023-12-25 14:01:29</wp:post_date_gmt>
  <wp:post_modified>2023-12-25 23:10:04</wp:post_modified>
  <wp:post_modified_gmt>2023-12-25 16:10:04</wp:post_modified_gmt>
  <wp:comment_status>closed</wp:comment_status>
  <wp:ping_status>closed</wp:ping_status>
  <wp:post_name>layanan</wp:post_name>
  <wp:status>publish</wp:status>
  <wp:post_parent>0</wp:post_parent>
  <wp:menu_order>0</wp:menu_order>
  <wp:post_type>page</wp:post_type>
  <wp:post_password/>
  <wp:is_sticky>0</wp:is_sticky>
  <wp:postmeta>
    <wp:meta_key>_last_editor_used_jetpack</wp:meta_key>
    <wp:meta_value><![CDATA[block-editor]]></wp:meta_value>
  </wp:postmeta>
</item>
<item>
  <title><![CDATA[Navigasi]]></title>
  <link>https://sedotwctangsel5.wordpress.com/2023/12/25/navigation/</link>
  <pubDate>Mon, 25 Dec 2023 14:01:54 +0000</pubDate>
  <dc:creator>lukmanulhakimti21</dc:creator>
  <guid isPermaLink="false">https://sedotwctangsel5.wordpress.com/2023/12/25/navigation/</guid>
  <description/>
  <content:encoded><![CDATA[<!-- wp:navigation-link {"label":"Tentang","type":"page","id":63,"url":"https://sedotwctangsel5.wordpress.com/tentang-2/","kind":"post-type"} /-->

<!-- wp:navigation-link {"label":"Kontak","url":"KONTAK","kind":"custom"} /-->

<!-- wp:navigation-link {"label":"Layanan","type":"page","id":9,"url":"https://sedotwctangsel5.wordpress.com/layanan/","kind":"post-type","fontSize":"1rem"} /-->]]></content:encoded>
  <excerpt:encoded><![CDATA[]]></excerpt:encoded>
  <wp:post_id>10</wp:post_id>
  <wp:post_date>2023-12-25 21:01:54</wp:post_date>
  <wp:post_date_gmt>2023-12-25 14:01:54</wp:post_date_gmt>
  <wp:post_modified>2023-12-26 23:28:19</wp:post_modified>
  <wp:post_modified_gmt>2023-12-26 16:28:19</wp:post_modified_gmt>
  <wp:comment_status>closed</wp:comment_status>
  <wp:ping_status>closed</wp:ping_status>
  <wp:post_name>navigation</wp:post_name>
  <wp:status>publish</wp:status>
  <wp:post_parent>0</wp:post_parent>
  <wp:menu_order>0</wp:menu_order>
  <wp:post_type>wp_navigation</wp:post_type>
  <wp:post_password/>
  <wp:is_sticky>0</wp:is_sticky>
  <wp:postmeta>
    <wp:meta_key>_publicize_pending</wp:meta_key>
    <wp:meta_value><![CDATA[1]]></wp:meta_value>
  </wp:postmeta>
</item>
<item>
  <title><![CDATA[wc]]></title>
  <link>https://sedotwctangsel5.wordpress.com/wc/</link>
  <pubDate>Mon, 25 Dec 2023 14:03:33 +0000</pubDate>
  <dc:creator>lukmanulhakimti21</dc:creator>
  <guid isPermaLink="false">http://sedotwctangsel5.files.wordpress.com/2023/12/wc.jpg</guid>
  <description/>
  <content:encoded><![CDATA[]]></content:encoded>
  <excerpt:encoded><![CDATA[]]></excerpt:encoded>
  <wp:post_id>11</wp:post_id>
  <wp:post_date>2023-12-25 21:03:33</wp:post_date>
  <wp:post_date_gmt>2023-12-25 14:03:33</wp:post_date_gmt>
  <wp:post_modified>2023-12-25 21:03:33</wp:post_modified>
  <wp:post_modified_gmt>2023-12-25 14:03:33</wp:post_modified_gmt>
  <wp:comment_status>open</wp:comment_status>
  <wp:ping_status>closed</wp:ping_status>
  <wp:post_name>wc</wp:post_name>
  <wp:status>inherit</wp:status>
  <wp:post_parent>0</wp:post_parent>
  <wp:menu_order>0</wp:menu_order>
  <wp:post_type>attachment</wp:post_type>
  <wp:post_password/>
  <wp:is_sticky>0</wp:is_sticky>
  <wp:attachment_url>https://sedotwctangsel5.files.wordpress.com/2023/12/wc.jpg</wp:attachment_url>
  <wp:postmeta>
    <wp:meta_key>_wp_attached_file</wp:meta_key>
    <wp:meta_value><![CDATA[/home/wpcom/public_html/wp-content/blogs.dir/5a8/227350392/files/2023/12/wc.jpg]]></wp:meta_value>
  </wp:postmeta>
  <wp:postmeta>
    <wp:meta_key>_wp_attachment_metadata</wp:meta_key>
    <wp:meta_value><![CDATA[a:6:{s:5:"width";i:1280;s:6:"height";i:720;s:4:"file";s:79:"/home/wpcom/public_html/wp-content/blogs.dir/5a8/227350392/files/2023/12/wc.jpg";s:8:"filesize";i:79955;s:5:"sizes";a:0:{}s:10:"image_meta";a:12:{s:8:"aperture";s:1:"0";s:6:"credit";s:0:"";s:6:"camera";s:0:"";s:7:"caption";s:0:"";s:17:"created_timestamp";s:1:"0";s:9:"copyright";s:0:"";s:12:"focal_length";s:1:"0";s:3:"iso";s:1:"0";s:13:"shutter_speed";s:1:"0";s:5:"title";s:0:"";s:11:"orientation";s:1:"0";s:8:"keywords";a:0:{}}}]]></wp:meta_value>
  </wp:postmeta>
</item>
<item>
  <title><![CDATA[Artikel Jasa Sedot WC Tangerang Selatan]]></title>
  <link>https://sedotwctangsel5.wordpress.com/?page_id=12</link>
  <pubDate>Mon, 25 Dec 2023 17:23:45 +0000</pubDate>
  <dc:creator>lukmanulhakimti21</dc:creator>
  <guid isPermaLink="false">https://sedotwctangsel5.wordpress.com/?page_id=12</guid>
  <description/>
  <content:encoded><![CDATA[<!-- wp:image {"id":14,"width":"765px","height":"auto","sizeSlug":"large","linkDestination":"none"} -->
<figure class="wp-block-image size-large is-resized"><img src="https://sedotwctangsel5.files.wordpress.com/2023/12/layanan-1.png?w=1024" alt="" class="wp-image-14" style="width:765px;height:auto" /></figure>
<!-- /wp:image -->]]></content:encoded>
  <excerpt:encoded><![CDATA[]]></excerpt:encoded>
  <wp:post_id>12</wp:post_id>
  <wp:post_date>2023-12-26 00:23:45</wp:post_date>
  <wp:post_date_gmt>2023-12-25 17:23:45</wp:post_date_gmt>
  <wp:post_modified>2023-12-26 22:37:26</wp:post_modified>
  <wp:post_modified_gmt>2023-12-26 15:37:26</wp:post_modified_gmt>
  <wp:comment_status>closed</wp:comment_status>
  <wp:ping_status>closed</wp:ping_status>
  <wp:post_name>__trashed</wp:post_name>
  <wp:status>draft</wp:status>
  <wp:post_parent>0</wp:post_parent>
  <wp:menu_order>0</wp:menu_order>
  <wp:post_type>page</wp:post_type>
  <wp:post_password/>
  <wp:is_sticky>0</wp:is_sticky>
  <wp:postmeta>
    <wp:meta_key>_wp_desired_post_slug</wp:meta_key>
    <wp:meta_value><![CDATA[]]></wp:meta_value>
  </wp:postmeta>
</item>
<item>
  <title><![CDATA[pexels-photo-6957078.jpeg]]></title>
  <link>https://sedotwctangsel5.wordpress.com/pexels-photo-6957078/</link>
  <pubDate>Mon, 25 Dec 2023 14:36:50 +0000</pubDate>
  <dc:creator>lukmanulhakimti21</dc:creator>
  <guid isPermaLink="false">http://sedotwctangsel5.files.wordpress.com/2023/12/pexels-photo-6957078.jpeg</guid>
  <description/>
  <content:encoded><![CDATA[]]></content:encoded>
  <excerpt:encoded><![CDATA[Photo by Max Rahubovskiy on <a href="https://www.pexels.com/id-id/foto/hotel-rumah-apartemen-desain-6957078/" rel="nofollow">Pexels.com</a>]]></excerpt:encoded>
  <wp:post_id>13</wp:post_id>
  <wp:post_date>2023-12-25 21:36:50</wp:post_date>
  <wp:post_date_gmt>2023-12-25 14:36:50</wp:post_date_gmt>
  <wp:post_modified>2023-12-25 21:36:51</wp:post_modified>
  <wp:post_modified_gmt>2023-12-25 14:36:51</wp:post_modified_gmt>
  <wp:comment_status>open</wp:comment_status>
  <wp:ping_status>closed</wp:ping_status>
  <wp:post_name>pexels-photo-6957078</wp:post_name>
  <wp:status>inherit</wp:status>
  <wp:post_parent>0</wp:post_parent>
  <wp:menu_order>0</wp:menu_order>
  <wp:post_type>attachment</wp:post_type>
  <wp:post_password/>
  <wp:is_sticky>0</wp:is_sticky>
  <wp:attachment_url>https://sedotwctangsel5.files.wordpress.com/2023/12/pexels-photo-6957078.jpeg</wp:attachment_url>
  <wp:postmeta>
    <wp:meta_key>_wp_attached_file</wp:meta_key>
    <wp:meta_value><![CDATA[/home/wpcom/public_html/wp-content/blogs.dir/5a8/227350392/files/2023/12/pexels-photo-6957078.jpeg]]></wp:meta_value>
  </wp:postmeta>
  <wp:postmeta>
    <wp:meta_key>_wp_attachment_metadata</wp:meta_key>
    <wp:meta_value><![CDATA[a:6:{s:5:"width";i:1880;s:6:"height";i:1254;s:4:"file";s:98:"/home/wpcom/public_html/wp-content/blogs.dir/5a8/227350392/files/2023/12/pexels-photo-6957078.jpeg";s:8:"filesize";i:260804;s:5:"sizes";a:0:{}s:10:"image_meta";a:12:{s:8:"aperture";s:1:"0";s:6:"credit";s:0:"";s:6:"camera";s:0:"";s:7:"caption";s:0:"";s:17:"created_timestamp";s:1:"0";s:9:"copyright";s:0:"";s:12:"focal_length";s:1:"0";s:3:"iso";s:1:"0";s:13:"shutter_speed";s:1:"0";s:5:"title";s:0:"";s:11:"orientation";s:1:"0";s:8:"keywords";a:0:{}}}]]></wp:meta_value>
  </wp:postmeta>
</item>
<item>
  <title><![CDATA[LAYANAN-1]]></title>
  <link>https://sedotwctangsel5.wordpress.com/layanan-1/</link>
  <pubDate>Mon, 25 Dec 2023 14:39:12 +0000</pubDate>
  <dc:creator>lukmanulhakimti21</dc:creator>
  <guid isPermaLink="false">http://sedotwctangsel5.files.wordpress.com/2023/12/layanan-1.png</guid>
  <description/>
  <content:encoded><![CDATA[]]></content:encoded>
  <excerpt:encoded><![CDATA[]]></excerpt:encoded>
  <wp:post_id>14</wp:post_id>
  <wp:post_date>2023-12-25 21:39:12</wp:post_date>
  <wp:post_date_gmt>2023-12-25 14:39:12</wp:post_date_gmt>
  <wp:post_modified>2023-12-25 21:39:12</wp:post_modified>
  <wp:post_modified_gmt>2023-12-25 14:39:12</wp:post_modified_gmt>
  <wp:comment_status>open</wp:comment_status>
  <wp:ping_status>closed</wp:ping_status>
  <wp:post_name>layanan-1</wp:post_name>
  <wp:status>inherit</wp:status>
  <wp:post_parent>0</wp:post_parent>
  <wp:menu_order>0</wp:menu_order>
  <wp:post_type>attachment</wp:post_type>
  <wp:post_password/>
  <wp:is_sticky>0</wp:is_sticky>
  <wp:attachment_url>https://sedotwctangsel5.files.wordpress.com/2023/12/layanan-1.png</wp:attachment_url>
  <wp:postmeta>
    <wp:meta_key>_wp_attached_file</wp:meta_key>
    <wp:meta_value><![CDATA[/home/wpcom/public_html/wp-content/blogs.dir/5a8/227350392/files/2023/12/layanan-1.png]]></wp:meta_value>
  </wp:postmeta>
  <wp:postmeta>
    <wp:meta_key>_wp_attachment_metadata</wp:meta_key>
    <wp:meta_value><![CDATA[a:6:{s:5:"width";i:1304;s:6:"height";i:321;s:4:"file";s:86:"/home/wpcom/public_html/wp-content/blogs.dir/5a8/227350392/files/2023/12/layanan-1.png";s:8:"filesize";i:107856;s:5:"sizes";a:0:{}s:10:"image_meta";a:12:{s:8:"aperture";s:1:"0";s:6:"credit";s:0:"";s:6:"camera";s:0:"";s:7:"caption";s:0:"";s:17:"created_timestamp";s:1:"0";s:9:"copyright";s:0:"";s:12:"focal_length";s:1:"0";s:3:"iso";s:1:"0";s:13:"shutter_speed";s:1:"0";s:5:"title";s:0:"";s:11:"orientation";s:1:"0";s:8:"keywords";a:0:{}}}]]></wp:meta_value>
  </wp:postmeta>
</item>
<item>
  <title><![CDATA[Area layanan]]></title>
  <link>https://sedotwctangsel5.wordpress.com/?page_id=15</link>
  <pubDate>Mon, 25 Dec 2023 17:24:08 +0000</pubDate>
  <dc:creator>lukmanulhakimti21</dc:creator>
  <guid isPermaLink="false">https://sedotwctangsel5.wordpress.com/?page_id=15</guid>
  <description/>
  <content:encoded><![CDATA[]]></content:encoded>
  <excerpt:encoded><![CDATA[]]></excerpt:encoded>
  <wp:post_id>15</wp:post_id>
  <wp:post_date>2023-12-26 00:24:08</wp:post_date>
  <wp:post_date_gmt>2023-12-25 17:24:08</wp:post_date_gmt>
  <wp:post_modified>2023-12-26 00:24:08</wp:post_modified>
  <wp:post_modified_gmt>2023-12-25 17:24:08</wp:post_modified_gmt>
  <wp:comment_status>closed</wp:comment_status>
  <wp:ping_status>closed</wp:ping_status>
  <wp:post_name>__trashed-2</wp:post_name>
  <wp:status>trash</wp:status>
  <wp:post_parent>0</wp:post_parent>
  <wp:menu_order>0</wp:menu_order>
  <wp:post_type>page</wp:post_type>
  <wp:post_password/>
  <wp:is_sticky>0</wp:is_sticky>
  <wp:postmeta>
    <wp:meta_key>_wp_trash_meta_status</wp:meta_key>
    <wp:meta_value><![CDATA[draft]]></wp:meta_value>
  </wp:postmeta>
  <wp:postmeta>
    <wp:meta_key>_wp_trash_meta_time</wp:meta_key>
    <wp:meta_value><![CDATA[1703525048]]></wp:meta_value>
  </wp:postmeta>
  <wp:postmeta>
    <wp:meta_key>_wp_desired_post_slug</wp:meta_key>
    <wp:meta_value><![CDATA[]]></wp:meta_value>
  </wp:postmeta>
</item>
<item>
  <title><![CDATA[Halaman Depan]]></title>
  <link>https://sedotwctangsel5.wordpress.com/2023/12/25/front-page/</link>
  <pubDate>Mon, 25 Dec 2023 15:06:58 +0000</pubDate>
  <dc:creator>lukmanulhakimti21</dc:creator>
  <guid isPermaLink="false">https://sedotwctangsel5.wordpress.com/2023/12/25/front-page/</guid>
  <description/>
  <content:encoded><![CDATA[<!-- wp:template-part {"slug":"footer","theme":"creatio-2","tagName":"footer","className":"site-footer-container"} /-->

<!-- wp:template-part {"slug":"header","theme":"creatio-2","tagName":"header"} /-->

<!-- wp:paragraph -->
<p></p>
<!-- /wp:paragraph -->

<!-- wp:paragraph -->
<p></p>
<!-- /wp:paragraph -->]]></content:encoded>
  <excerpt:encoded><![CDATA[Menampilkan beranda situs Anda yang ditetapkan untuk menampilkan pos terbaru atau halaman statis. Templat Halaman Depan akan lebih diprioritaskan daripada semua templat lainnya.]]></excerpt:encoded>
  <wp:post_id>17</wp:post_id>
  <wp:post_date>2023-12-25 22:06:58</wp:post_date>
  <wp:post_date_gmt>2023-12-25 15:06:58</wp:post_date_gmt>
  <wp:post_modified>2023-12-26 22:37:27</wp:post_modified>
  <wp:post_modified_gmt>2023-12-26 15:37:27</wp:post_modified_gmt>
  <wp:comment_status>closed</wp:comment_status>
  <wp:ping_status>closed</wp:ping_status>
  <wp:post_name>front-page</wp:post_name>
  <wp:status>publish</wp:status>
  <wp:post_parent>0</wp:post_parent>
  <wp:menu_order>0</wp:menu_order>
  <wp:post_type>wp_template</wp:post_type>
  <wp:post_password/>
  <wp:is_sticky>0</wp:is_sticky>
  <category domain="wp_theme" nicename="creatio-2"><![CDATA[creatio-2]]></category>
  <wp:postmeta>
    <wp:meta_key>is_wp_suggestion</wp:meta_key>
    <wp:meta_value><![CDATA[1]]></wp:meta_value>
  </wp:postmeta>
  <wp:postmeta>
    <wp:meta_key>_publicize_pending</wp:meta_key>
    <wp:meta_value><![CDATA[1]]></wp:meta_value>
  </wp:postmeta>
</item>
<item>
  <title><![CDATA[layanan-1-1]]></title>
  <link>https://sedotwctangsel5.wordpress.com/?attachment_id=24</link>
  <pubDate>Mon, 25 Dec 2023 15:16:45 +0000</pubDate>
  <dc:creator>lukmanulhakimti21</dc:creator>
  <guid isPermaLink="false">http://sedotwctangsel5.files.wordpress.com/2023/12/layanan-1-1.png</guid>
  <description/>
  <content:encoded><![CDATA[]]></content:encoded>
  <excerpt:encoded><![CDATA[]]></excerpt:encoded>
  <wp:post_id>24</wp:post_id>
  <wp:post_date>2023-12-25 22:16:45</wp:post_date>
  <wp:post_date_gmt>2023-12-25 15:16:45</wp:post_date_gmt>
  <wp:post_modified>2023-12-25 22:16:45</wp:post_modified>
  <wp:post_modified_gmt>2023-12-25 15:16:45</wp:post_modified_gmt>
  <wp:comment_status>open</wp:comment_status>
  <wp:ping_status>closed</wp:ping_status>
  <wp:post_name>layanan-1-1</wp:post_name>
  <wp:status>inherit</wp:status>
  <wp:post_parent>1</wp:post_parent>
  <wp:menu_order>0</wp:menu_order>
  <wp:post_type>attachment</wp:post_type>
  <wp:post_password/>
  <wp:is_sticky>0</wp:is_sticky>
  <wp:attachment_url>https://sedotwctangsel5.files.wordpress.com/2023/12/layanan-1-1.png</wp:attachment_url>
  <wp:postmeta>
    <wp:meta_key>_wp_attached_file</wp:meta_key>
    <wp:meta_value><![CDATA[/home/wpcom/public_html/wp-content/blogs.dir/5a8/227350392/files/2023/12/layanan-1-1.png]]></wp:meta_value>
  </wp:postmeta>
  <wp:postmeta>
    <wp:meta_key>_wp_attachment_metadata</wp:meta_key>
    <wp:meta_value><![CDATA[a:6:{s:5:"width";i:1304;s:6:"height";i:321;s:4:"file";s:88:"/home/wpcom/public_html/wp-content/blogs.dir/5a8/227350392/files/2023/12/layanan-1-1.png";s:8:"filesize";i:107856;s:5:"sizes";a:0:{}s:10:"image_meta";a:12:{s:8:"aperture";s:1:"0";s:6:"credit";s:0:"";s:6:"camera";s:0:"";s:7:"caption";s:0:"";s:17:"created_timestamp";s:1:"0";s:9:"copyright";s:0:"";s:12:"focal_length";s:1:"0";s:3:"iso";s:1:"0";s:13:"shutter_speed";s:1:"0";s:5:"title";s:0:"";s:11:"orientation";s:1:"0";s:8:"keywords";a:0:{}}}]]></wp:meta_value>
  </wp:postmeta>
</item>
<item>
  <title><![CDATA[wc-1]]></title>
  <link>https://sedotwctangsel5.wordpress.com/?attachment_id=26</link>
  <pubDate>Mon, 25 Dec 2023 15:30:17 +0000</pubDate>
  <dc:creator>lukmanulhakimti21</dc:creator>
  <guid isPermaLink="false">http://sedotwctangsel5.files.wordpress.com/2023/12/wc-1.jpg</guid>
  <description/>
  <content:encoded><![CDATA[]]></content:encoded>
  <excerpt:encoded><![CDATA[]]></excerpt:encoded>
  <wp:post_id>26</wp:post_id>
  <wp:post_date>2023-12-25 22:30:17</wp:post_date>
  <wp:post_date_gmt>2023-12-25 15:30:17</wp:post_date_gmt>
  <wp:post_modified>2023-12-25 22:30:17</wp:post_modified>
  <wp:post_modified_gmt>2023-12-25 15:30:17</wp:post_modified_gmt>
  <wp:comment_status>open</wp:comment_status>
  <wp:ping_status>closed</wp:ping_status>
  <wp:post_name>wc-1</wp:post_name>
  <wp:status>inherit</wp:status>
  <wp:post_parent>1</wp:post_parent>
  <wp:menu_order>0</wp:menu_order>
  <wp:post_type>attachment</wp:post_type>
  <wp:post_password/>
  <wp:is_sticky>0</wp:is_sticky>
  <wp:attachment_url>https://sedotwctangsel5.files.wordpress.com/2023/12/wc-1.jpg</wp:attachment_url>
  <wp:postmeta>
    <wp:meta_key>_wp_attached_file</wp:meta_key>
    <wp:meta_value><![CDATA[/home/wpcom/public_html/wp-content/blogs.dir/5a8/227350392/files/2023/12/wc-1.jpg]]></wp:meta_value>
  </wp:postmeta>
  <wp:postmeta>
    <wp:meta_key>_wp_attachment_metadata</wp:meta_key>
    <wp:meta_value><![CDATA[a:6:{s:5:"width";i:1280;s:6:"height";i:720;s:4:"file";s:81:"/home/wpcom/public_html/wp-content/blogs.dir/5a8/227350392/files/2023/12/wc-1.jpg";s:8:"filesize";i:79955;s:5:"sizes";a:0:{}s:10:"image_meta";a:12:{s:8:"aperture";s:1:"0";s:6:"credit";s:0:"";s:6:"camera";s:0:"";s:7:"caption";s:0:"";s:17:"created_timestamp";s:1:"0";s:9:"copyright";s:0:"";s:12:"focal_length";s:1:"0";s:3:"iso";s:1:"0";s:13:"shutter_speed";s:1:"0";s:5:"title";s:0:"";s:11:"orientation";s:1:"0";s:8:"keywords";a:0:{}}}]]></wp:meta_value>
  </wp:postmeta>
</item>
<item>
  <title><![CDATA[wc-2]]></title>
  <link>https://sedotwctangsel5.wordpress.com/?attachment_id=30</link>
  <pubDate>Mon, 25 Dec 2023 15:57:52 +0000</pubDate>
  <dc:creator>lukmanulhakimti21</dc:creator>
  <guid isPermaLink="false">http://sedotwctangsel5.files.wordpress.com/2023/12/wc-2.jpg</guid>
  <description/>
  <content:encoded><![CDATA[]]></content:encoded>
  <excerpt:encoded><![CDATA[]]></excerpt:encoded>
  <wp:post_id>30</wp:post_id>
  <wp:post_date>2023-12-25 22:57:52</wp:post_date>
  <wp:post_date_gmt>2023-12-25 15:57:52</wp:post_date_gmt>
  <wp:post_modified>2023-12-25 22:57:52</wp:post_modified>
  <wp:post_modified_gmt>2023-12-25 15:57:52</wp:post_modified_gmt>
  <wp:comment_status>open</wp:comment_status>
  <wp:ping_status>closed</wp:ping_status>
  <wp:post_name>wc-2</wp:post_name>
  <wp:status>inherit</wp:status>
  <wp:post_parent>1</wp:post_parent>
  <wp:menu_order>0</wp:menu_order>
  <wp:post_type>attachment</wp:post_type>
  <wp:post_password/>
  <wp:is_sticky>0</wp:is_sticky>
  <wp:attachment_url>https://sedotwctangsel5.files.wordpress.com/2023/12/wc-2.jpg</wp:attachment_url>
  <wp:postmeta>
    <wp:meta_key>_wp_attached_file</wp:meta_key>
    <wp:meta_value><![CDATA[/home/wpcom/public_html/wp-content/blogs.dir/5a8/227350392/files/2023/12/wc-2.jpg]]></wp:meta_value>
  </wp:postmeta>
  <wp:postmeta>
    <wp:meta_key>_wp_attachment_metadata</wp:meta_key>
    <wp:meta_value><![CDATA[a:6:{s:5:"width";i:1280;s:6:"height";i:720;s:4:"file";s:81:"/home/wpcom/public_html/wp-content/blogs.dir/5a8/227350392/files/2023/12/wc-2.jpg";s:8:"filesize";i:79955;s:5:"sizes";a:0:{}s:10:"image_meta";a:12:{s:8:"aperture";s:1:"0";s:6:"credit";s:0:"";s:6:"camera";s:0:"";s:7:"caption";s:0:"";s:17:"created_timestamp";s:1:"0";s:9:"copyright";s:0:"";s:12:"focal_length";s:1:"0";s:3:"iso";s:1:"0";s:13:"shutter_speed";s:1:"0";s:5:"title";s:0:"";s:11:"orientation";s:1:"0";s:8:"keywords";a:0:{}}}]]></wp:meta_value>
  </wp:postmeta>
</item>
<item>
  <title><![CDATA[Home]]></title>
  <link>https://sedotwctangsel5.wordpress.com/?page_id=34</link>
  <pubDate>Mon, 25 Dec 2023 17:24:25 +0000</pubDate>
  <dc:creator>lukmanulhakimti21</dc:creator>
  <guid isPermaLink="false">https://sedotwctangsel5.wordpress.com/?page_id=34</guid>
  <description/>
  <content:encoded><![CDATA[]]></content:encoded>
  <excerpt:encoded><![CDATA[]]></excerpt:encoded>
  <wp:post_id>34</wp:post_id>
  <wp:post_date>2023-12-26 00:24:25</wp:post_date>
  <wp:post_date_gmt>2023-12-25 17:24:25</wp:post_date_gmt>
  <wp:post_modified>2023-12-26 00:24:25</wp:post_modified>
  <wp:post_modified_gmt>2023-12-25 17:24:25</wp:post_modified_gmt>
  <wp:comment_status>closed</wp:comment_status>
  <wp:ping_status>closed</wp:ping_status>
  <wp:post_name>home__trashed</wp:post_name>
  <wp:status>trash</wp:status>
  <wp:post_parent>0</wp:post_parent>
  <wp:menu_order>0</wp:menu_order>
  <wp:post_type>page</wp:post_type>
  <wp:post_password/>
  <wp:is_sticky>0</wp:is_sticky>
  <wp:postmeta>
    <wp:meta_key>_wp_trash_meta_status</wp:meta_key>
    <wp:meta_value><![CDATA[draft]]></wp:meta_value>
  </wp:postmeta>
  <wp:postmeta>
    <wp:meta_key>_wp_trash_meta_time</wp:meta_key>
    <wp:meta_value><![CDATA[1703525065]]></wp:meta_value>
  </wp:postmeta>
  <wp:postmeta>
    <wp:meta_key>_wp_desired_post_slug</wp:meta_key>
    <wp:meta_value><![CDATA[home]]></wp:meta_value>
  </wp:postmeta>
</item>
<item>
  <title><![CDATA[image]]></title>
  <link>https://sedotwctangsel5.wordpress.com/?attachment_id=35</link>
  <pubDate>Mon, 25 Dec 2023 16:31:26 +0000</pubDate>
  <dc:creator>lukmanulhakimti21</dc:creator>
  <guid isPermaLink="false">http://sedotwctangsel5.files.wordpress.com/2023/12/image.png</guid>
  <description/>
  <content:encoded><![CDATA[]]></content:encoded>
  <excerpt:encoded><![CDATA[]]></excerpt:encoded>
  <wp:post_id>35</wp:post_id>
  <wp:post_date>2023-12-25 23:31:26</wp:post_date>
  <wp:post_date_gmt>2023-12-25 16:31:26</wp:post_date_gmt>
  <wp:post_modified>2023-12-25 23:31:26</wp:post_modified>
  <wp:post_modified_gmt>2023-12-25 16:31:26</wp:post_modified_gmt>
  <wp:comment_status>open</wp:comment_status>
  <wp:ping_status>closed</wp:ping_status>
  <wp:post_name>image</wp:post_name>
  <wp:status>inherit</wp:status>
  <wp:post_parent>12</wp:post_parent>
  <wp:menu_order>0</wp:menu_order>
  <wp:post_type>attachment</wp:post_type>
  <wp:post_password/>
  <wp:is_sticky>0</wp:is_sticky>
  <wp:attachment_url>https://sedotwctangsel5.files.wordpress.com/2023/12/image.png</wp:attachment_url>
  <wp:postmeta>
    <wp:meta_key>_wp_attached_file</wp:meta_key>
    <wp:meta_value><![CDATA[/home/wpcom/public_html/wp-content/blogs.dir/5a8/227350392/files/2023/12/image.png]]></wp:meta_value>
  </wp:postmeta>
  <wp:postmeta>
    <wp:meta_key>_wp_attachment_metadata</wp:meta_key>
    <wp:meta_value><![CDATA[a:6:{s:5:"width";i:390;s:6:"height";i:399;s:4:"file";s:82:"/home/wpcom/public_html/wp-content/blogs.dir/5a8/227350392/files/2023/12/image.png";s:8:"filesize";i:25991;s:5:"sizes";a:0:{}s:10:"image_meta";a:12:{s:8:"aperture";s:1:"0";s:6:"credit";s:0:"";s:6:"camera";s:0:"";s:7:"caption";s:0:"";s:17:"created_timestamp";s:1:"0";s:9:"copyright";s:0:"";s:12:"focal_length";s:1:"0";s:3:"iso";s:1:"0";s:13:"shutter_speed";s:1:"0";s:5:"title";s:0:"";s:11:"orientation";s:1:"0";s:8:"keywords";a:0:{}}}]]></wp:meta_value>
  </wp:postmeta>
</item>
<item>
  <title><![CDATA[image-1]]></title>
  <link>https://sedotwctangsel5.wordpress.com/?attachment_id=36</link>
  <pubDate>Mon, 25 Dec 2023 16:31:56 +0000</pubDate>
  <dc:creator>lukmanulhakimti21</dc:creator>
  <guid isPermaLink="false">http://sedotwctangsel5.files.wordpress.com/2023/12/image-1.png</guid>
  <description/>
  <content:encoded><![CDATA[]]></content:encoded>
  <excerpt:encoded><![CDATA[]]></excerpt:encoded>
  <wp:post_id>36</wp:post_id>
  <wp:post_date>2023-12-25 23:31:56</wp:post_date>
  <wp:post_date_gmt>2023-12-25 16:31:56</wp:post_date_gmt>
  <wp:post_modified>2023-12-25 23:31:56</wp:post_modified>
  <wp:post_modified_gmt>2023-12-25 16:31:56</wp:post_modified_gmt>
  <wp:comment_status>open</wp:comment_status>
  <wp:ping_status>closed</wp:ping_status>
  <wp:post_name>image-1</wp:post_name>
  <wp:status>inherit</wp:status>
  <wp:post_parent>12</wp:post_parent>
  <wp:menu_order>0</wp:menu_order>
  <wp:post_type>attachment</wp:post_type>
  <wp:post_password/>
  <wp:is_sticky>0</wp:is_sticky>
  <wp:attachment_url>https://sedotwctangsel5.files.wordpress.com/2023/12/image-1.png</wp:attachment_url>
  <wp:postmeta>
    <wp:meta_key>_wp_attached_file</wp:meta_key>
    <wp:meta_value><![CDATA[/home/wpcom/public_html/wp-content/blogs.dir/5a8/227350392/files/2023/12/image-1.png]]></wp:meta_value>
  </wp:postmeta>
  <wp:postmeta>
    <wp:meta_key>_wp_attachment_metadata</wp:meta_key>
    <wp:meta_value><![CDATA[a:6:{s:5:"width";i:390;s:6:"height";i:399;s:4:"file";s:84:"/home/wpcom/public_html/wp-content/blogs.dir/5a8/227350392/files/2023/12/image-1.png";s:8:"filesize";i:25991;s:5:"sizes";a:0:{}s:10:"image_meta";a:12:{s:8:"aperture";s:1:"0";s:6:"credit";s:0:"";s:6:"camera";s:0:"";s:7:"caption";s:0:"";s:17:"created_timestamp";s:1:"0";s:9:"copyright";s:0:"";s:12:"focal_length";s:1:"0";s:3:"iso";s:1:"0";s:13:"shutter_speed";s:1:"0";s:5:"title";s:0:"";s:11:"orientation";s:1:"0";s:8:"keywords";a:0:{}}}]]></wp:meta_value>
  </wp:postmeta>
</item>
<item>
  <title><![CDATA[kontak]]></title>
  <link>https://sedotwctangsel5.wordpress.com/?page_id=37</link>
  <pubDate/>
  <dc:creator>lukmanulhakimti21</dc:creator>
  <guid isPermaLink="false">https://sedotwctangsel5.wordpress.com/?page_id=37</guid>
  <description/>
  <content:encoded><![CDATA[]]></content:encoded>
  <excerpt:encoded><![CDATA[]]></excerpt:encoded>
  <wp:post_id>37</wp:post_id>
  <wp:post_date>2023-12-25 23:38:46</wp:post_date>
  <wp:post_date_gmt>0000-00-00 00:00:00</wp:post_date_gmt>
  <wp:post_modified>2023-12-25 23:38:46</wp:post_modified>
  <wp:post_modified_gmt>0000-00-00 00:00:00</wp:post_modified_gmt>
  <wp:comment_status>closed</wp:comment_status>
  <wp:ping_status>closed</wp:ping_status>
  <wp:post_name>kontak</wp:post_name>
  <wp:status>draft</wp:status>
  <wp:post_parent>0</wp:post_parent>
  <wp:menu_order>0</wp:menu_order>
  <wp:post_type>page</wp:post_type>
  <wp:post_password/>
  <wp:is_sticky>0</wp:is_sticky>
</item>
<item>
  <title><![CDATA[screenshot-2023-12-25-232839]]></title>
  <link>https://sedotwctangsel5.wordpress.com/?attachment_id=38</link>
  <pubDate>Mon, 25 Dec 2023 16:39:36 +0000</pubDate>
  <dc:creator>lukmanulhakimti21</dc:creator>
  <guid isPermaLink="false">http://sedotwctangsel5.files.wordpress.com/2023/12/screenshot-2023-12-25-232839.png</guid>
  <description/>
  <content:encoded><![CDATA[]]></content:encoded>
  <excerpt:encoded><![CDATA[]]></excerpt:encoded>
  <wp:post_id>38</wp:post_id>
  <wp:post_date>2023-12-25 23:39:36</wp:post_date>
  <wp:post_date_gmt>2023-12-25 16:39:36</wp:post_date_gmt>
  <wp:post_modified>2023-12-25 23:39:36</wp:post_modified>
  <wp:post_modified_gmt>2023-12-25 16:39:36</wp:post_modified_gmt>
  <wp:comment_status>open</wp:comment_status>
  <wp:ping_status>closed</wp:ping_status>
  <wp:post_name>screenshot-2023-12-25-232839</wp:post_name>
  <wp:status>inherit</wp:status>
  <wp:post_parent>34</wp:post_parent>
  <wp:menu_order>0</wp:menu_order>
  <wp:post_type>attachment</wp:post_type>
  <wp:post_password/>
  <wp:is_sticky>0</wp:is_sticky>
  <wp:attachment_url>https://sedotwctangsel5.files.wordpress.com/2023/12/screenshot-2023-12-25-232839.png</wp:attachment_url>
  <wp:postmeta>
    <wp:meta_key>_wp_attached_file</wp:meta_key>
    <wp:meta_value><![CDATA[/home/wpcom/public_html/wp-content/blogs.dir/5a8/227350392/files/2023/12/screenshot-2023-12-25-232839.png]]></wp:meta_value>
  </wp:postmeta>
  <wp:postmeta>
    <wp:meta_key>_wp_attachment_metadata</wp:meta_key>
    <wp:meta_value><![CDATA[a:6:{s:5:"width";i:390;s:6:"height";i:399;s:4:"file";s:105:"/home/wpcom/public_html/wp-content/blogs.dir/5a8/227350392/files/2023/12/screenshot-2023-12-25-232839.png";s:8:"filesize";i:25991;s:5:"sizes";a:0:{}s:10:"image_meta";a:12:{s:8:"aperture";s:1:"0";s:6:"credit";s:0:"";s:6:"camera";s:0:"";s:7:"caption";s:0:"";s:17:"created_timestamp";s:1:"0";s:9:"copyright";s:0:"";s:12:"focal_length";s:1:"0";s:3:"iso";s:1:"0";s:13:"shutter_speed";s:1:"0";s:5:"title";s:0:"";s:11:"orientation";s:1:"0";s:8:"keywords";a:0:{}}}]]></wp:meta_value>
  </wp:postmeta>
</item>
<item>
  <title><![CDATA[screenshot-2023-12-25-232839-1]]></title>
  <link>https://sedotwctangsel5.wordpress.com/?attachment_id=39</link>
  <pubDate>Mon, 25 Dec 2023 16:41:29 +0000</pubDate>
  <dc:creator>lukmanulhakimti21</dc:creator>
  <guid isPermaLink="false">http://sedotwctangsel5.files.wordpress.com/2023/12/screenshot-2023-12-25-232839-1.png</guid>
  <description/>
  <content:encoded><![CDATA[]]></content:encoded>
  <excerpt:encoded><![CDATA[]]></excerpt:encoded>
  <wp:post_id>39</wp:post_id>
  <wp:post_date>2023-12-25 23:41:29</wp:post_date>
  <wp:post_date_gmt>2023-12-25 16:41:29</wp:post_date_gmt>
  <wp:post_modified>2023-12-25 23:41:29</wp:post_modified>
  <wp:post_modified_gmt>2023-12-25 16:41:29</wp:post_modified_gmt>
  <wp:comment_status>open</wp:comment_status>
  <wp:ping_status>closed</wp:ping_status>
  <wp:post_name>screenshot-2023-12-25-232839-1</wp:post_name>
  <wp:status>inherit</wp:status>
  <wp:post_parent>34</wp:post_parent>
  <wp:menu_order>0</wp:menu_order>
  <wp:post_type>attachment</wp:post_type>
  <wp:post_password/>
  <wp:is_sticky>0</wp:is_sticky>
  <wp:attachment_url>https://sedotwctangsel5.files.wordpress.com/2023/12/screenshot-2023-12-25-232839-1.png</wp:attachment_url>
  <wp:postmeta>
    <wp:meta_key>_wp_attached_file</wp:meta_key>
    <wp:meta_value><![CDATA[/home/wpcom/public_html/wp-content/blogs.dir/5a8/227350392/files/2023/12/screenshot-2023-12-25-232839-1.png]]></wp:meta_value>
  </wp:postmeta>
  <wp:postmeta>
    <wp:meta_key>_wp_attachment_metadata</wp:meta_key>
    <wp:meta_value><![CDATA[a:6:{s:5:"width";i:390;s:6:"height";i:399;s:4:"file";s:107:"/home/wpcom/public_html/wp-content/blogs.dir/5a8/227350392/files/2023/12/screenshot-2023-12-25-232839-1.png";s:8:"filesize";i:25991;s:5:"sizes";a:0:{}s:10:"image_meta";a:12:{s:8:"aperture";s:1:"0";s:6:"credit";s:0:"";s:6:"camera";s:0:"";s:7:"caption";s:0:"";s:17:"created_timestamp";s:1:"0";s:9:"copyright";s:0:"";s:12:"focal_length";s:1:"0";s:3:"iso";s:1:"0";s:13:"shutter_speed";s:1:"0";s:5:"title";s:0:"";s:11:"orientation";s:1:"0";s:8:"keywords";a:0:{}}}]]></wp:meta_value>
  </wp:postmeta>
</item>
<item>
  <title><![CDATA[PROFIL JASA SEDOT WC TANGERANG SELATAN]]></title>
  <link>https://sedotwctangsel5.wordpress.com/2023/12/25/profil-jasa-sedot-wc-tangerang-selatan/</link>
  <pubDate>Mon, 25 Dec 2023 16:48:55 +0000</pubDate>
  <dc:creator>lukmanulhakimti21</dc:creator>
  <guid isPermaLink="false">https://sedotwctangsel5.wordpress.com/2023/12/25/profil-jasa-sedot-wc-tangerang-selatan/</guid>
  <description/>
  <content:encoded><![CDATA[<!-- wp:paragraph -->
<p>PROFIL JASA WC TANGERANG SELATAN</p>
<!-- /wp:paragraph -->]]></content:encoded>
  <excerpt:encoded><![CDATA[]]></excerpt:encoded>
  <wp:post_id>40</wp:post_id>
  <wp:post_date>2023-12-25 23:48:55</wp:post_date>
  <wp:post_date_gmt>2023-12-25 16:48:55</wp:post_date_gmt>
  <wp:post_modified>2023-12-25 23:48:55</wp:post_modified>
  <wp:post_modified_gmt>2023-12-25 16:48:55</wp:post_modified_gmt>
  <wp:comment_status>closed</wp:comment_status>
  <wp:ping_status>closed</wp:ping_status>
  <wp:post_name>profil-jasa-sedot-wc-tangerang-selatan</wp:post_name>
  <wp:status>publish</wp:status>
  <wp:post_parent>0</wp:post_parent>
  <wp:menu_order>0</wp:menu_order>
  <wp:post_type>wp_template_part</wp:post_type>
  <wp:post_password/>
  <wp:is_sticky>0</wp:is_sticky>
  <category domain="wp_template_part_area" nicename="footer"><![CDATA[footer]]></category>
  <category domain="wp_theme" nicename="creatio-2"><![CDATA[creatio-2]]></category>
  <wp:postmeta>
    <wp:meta_key>_publicize_pending</wp:meta_key>
    <wp:meta_value><![CDATA[1]]></wp:meta_value>
  </wp:postmeta>
</item>
<item>
  <title><![CDATA[screenshot-2023-12-25-232839-2]]></title>
  <link>https://sedotwctangsel5.wordpress.com/?attachment_id=41</link>
  <pubDate>Mon, 25 Dec 2023 16:50:27 +0000</pubDate>
  <dc:creator>lukmanulhakimti21</dc:creator>
  <guid isPermaLink="false">http://sedotwctangsel5.files.wordpress.com/2023/12/screenshot-2023-12-25-232839-2.png</guid>
  <description/>
  <content:encoded><![CDATA[]]></content:encoded>
  <excerpt:encoded><![CDATA[]]></excerpt:encoded>
  <wp:post_id>41</wp:post_id>
  <wp:post_date>2023-12-25 23:50:27</wp:post_date>
  <wp:post_date_gmt>2023-12-25 16:50:27</wp:post_date_gmt>
  <wp:post_modified>2023-12-25 23:50:27</wp:post_modified>
  <wp:post_modified_gmt>2023-12-25 16:50:27</wp:post_modified_gmt>
  <wp:comment_status>open</wp:comment_status>
  <wp:ping_status>closed</wp:ping_status>
  <wp:post_name>screenshot-2023-12-25-232839-2</wp:post_name>
  <wp:status>inherit</wp:status>
  <wp:post_parent>15</wp:post_parent>
  <wp:menu_order>0</wp:menu_order>
  <wp:post_type>attachment</wp:post_type>
  <wp:post_password/>
  <wp:is_sticky>0</wp:is_sticky>
  <wp:attachment_url>https://sedotwctangsel5.files.wordpress.com/2023/12/screenshot-2023-12-25-232839-2.png</wp:attachment_url>
  <wp:postmeta>
    <wp:meta_key>_wp_attached_file</wp:meta_key>
    <wp:meta_value><![CDATA[/home/wpcom/public_html/wp-content/blogs.dir/5a8/227350392/files/2023/12/screenshot-2023-12-25-232839-2.png]]></wp:meta_value>
  </wp:postmeta>
  <wp:postmeta>
    <wp:meta_key>_wp_attachment_metadata</wp:meta_key>
    <wp:meta_value><![CDATA[a:6:{s:5:"width";i:390;s:6:"height";i:399;s:4:"file";s:107:"/home/wpcom/public_html/wp-content/blogs.dir/5a8/227350392/files/2023/12/screenshot-2023-12-25-232839-2.png";s:8:"filesize";i:25991;s:5:"sizes";a:0:{}s:10:"image_meta";a:12:{s:8:"aperture";s:1:"0";s:6:"credit";s:0:"";s:6:"camera";s:0:"";s:7:"caption";s:0:"";s:17:"created_timestamp";s:1:"0";s:9:"copyright";s:0:"";s:12:"focal_length";s:1:"0";s:3:"iso";s:1:"0";s:13:"shutter_speed";s:1:"0";s:5:"title";s:0:"";s:11:"orientation";s:1:"0";s:8:"keywords";a:0:{}}}]]></wp:meta_value>
  </wp:postmeta>
</item>
<item>
  <title><![CDATA[]]></title>
  <link>https://sedotwctangsel5.wordpress.com/?page_id=53</link>
  <pubDate/>
  <dc:creator>lukmanulhakimti21</dc:creator>
  <guid isPermaLink="false">https://sedotwctangsel5.wordpress.com/?page_id=53</guid>
  <description/>
  <content:encoded><![CDATA[<!-- wp:group {"style":{"spacing":{"blockGap":"var:preset|spacing|40","margin":{"top":"var:preset|spacing|60","bottom":"var:preset|spacing|60"}}},"layout":{"type":"constrained"}} -->
<div class="wp-block-group" style="margin-top:var(--wp--preset--spacing--60);margin-bottom:var(--wp--preset--spacing--60)"><!-- wp:post-title {"textAlign":"left","align":"wide","fontSize":"xxxx-large"} /--></div>
<!-- /wp:group -->

<!-- wp:group {"layout":{"type":"default"}} -->
<div class="wp-block-group"><!-- wp:post-content {"lock":{"move":false,"remove":false},"layout":{"type":"constrained"}} /--></div>
<!-- /wp:group -->]]></content:encoded>
  <excerpt:encoded><![CDATA[]]></excerpt:encoded>
  <wp:post_id>53</wp:post_id>
  <wp:post_date>2023-12-26 00:46:07</wp:post_date>
  <wp:post_date_gmt>0000-00-00 00:00:00</wp:post_date_gmt>
  <wp:post_modified>2023-12-26 00:46:07</wp:post_modified>
  <wp:post_modified_gmt>2023-12-25 17:46:07</wp:post_modified_gmt>
  <wp:comment_status>closed</wp:comment_status>
  <wp:ping_status>closed</wp:ping_status>
  <wp:post_name/>
  <wp:status>draft</wp:status>
  <wp:post_parent>0</wp:post_parent>
  <wp:menu_order>0</wp:menu_order>
  <wp:post_type>page</wp:post_type>
  <wp:post_password/>
  <wp:is_sticky>0</wp:is_sticky>
  <wp:postmeta>
    <wp:meta_key>_last_editor_used_jetpack</wp:meta_key>
    <wp:meta_value><![CDATA[block-editor]]></wp:meta_value>
  </wp:postmeta>
</item>
<item>
  <title><![CDATA[layanan-1-2]]></title>
  <link>https://sedotwctangsel5.wordpress.com/?attachment_id=58</link>
  <pubDate>Tue, 26 Dec 2023 14:33:33 +0000</pubDate>
  <dc:creator>lukmanulhakimti21</dc:creator>
  <guid isPermaLink="false">http://sedotwctangsel5.files.wordpress.com/2023/12/layanan-1-2.png</guid>
  <description/>
  <content:encoded><![CDATA[]]></content:encoded>
  <excerpt:encoded><![CDATA[]]></excerpt:encoded>
  <wp:post_id>58</wp:post_id>
  <wp:post_date>2023-12-26 21:33:33</wp:post_date>
  <wp:post_date_gmt>2023-12-26 14:33:33</wp:post_date_gmt>
  <wp:post_modified>2023-12-26 21:33:33</wp:post_modified>
  <wp:post_modified_gmt>2023-12-26 14:33:33</wp:post_modified_gmt>
  <wp:comment_status>open</wp:comment_status>
  <wp:ping_status>closed</wp:ping_status>
  <wp:post_name>layanan-1-2</wp:post_name>
  <wp:status>inherit</wp:status>
  <wp:post_parent>1</wp:post_parent>
  <wp:menu_order>0</wp:menu_order>
  <wp:post_type>attachment</wp:post_type>
  <wp:post_password/>
  <wp:is_sticky>0</wp:is_sticky>
  <wp:attachment_url>https://sedotwctangsel5.files.wordpress.com/2023/12/layanan-1-2.png</wp:attachment_url>
  <wp:postmeta>
    <wp:meta_key>_wp_attached_file</wp:meta_key>
    <wp:meta_value><![CDATA[/home/wpcom/public_html/wp-content/blogs.dir/5a8/227350392/files/2023/12/layanan-1-2.png]]></wp:meta_value>
  </wp:postmeta>
  <wp:postmeta>
    <wp:meta_key>_wp_attachment_metadata</wp:meta_key>
    <wp:meta_value><![CDATA[a:6:{s:5:"width";i:1304;s:6:"height";i:321;s:4:"file";s:88:"/home/wpcom/public_html/wp-content/blogs.dir/5a8/227350392/files/2023/12/layanan-1-2.png";s:8:"filesize";i:107856;s:5:"sizes";a:0:{}s:10:"image_meta";a:12:{s:8:"aperture";s:1:"0";s:6:"credit";s:0:"";s:6:"camera";s:0:"";s:7:"caption";s:0:"";s:17:"created_timestamp";s:1:"0";s:9:"copyright";s:0:"";s:12:"focal_length";s:1:"0";s:3:"iso";s:1:"0";s:13:"shutter_speed";s:1:"0";s:5:"title";s:0:"";s:11:"orientation";s:1:"0";s:8:"keywords";a:0:{}}}]]></wp:meta_value>
  </wp:postmeta>
</item>
<item>
  <title><![CDATA[Hasil Pencarian]]></title>
  <link>https://sedotwctangsel5.wordpress.com/2023/12/26/search/</link>
  <pubDate>Tue, 26 Dec 2023 14:35:21 +0000</pubDate>
  <dc:creator>lukmanulhakimti21</dc:creator>
  <guid isPermaLink="false">https://sedotwctangsel5.wordpress.com/2023/12/26/search/</guid>
  <description/>
  <content:encoded><![CDATA[<!-- wp:template-part {"slug":"header","tagName":"header","theme":"creatio-2"} /-->

<!-- wp:query {"queryId":0,"query":{"perPage":10,"pages":0,"offset":0,"postType":"post","order":"desc","orderBy":"date","author":"","search":"","exclude":[],"sticky":"","inherit":true,"taxQuery":null,"parents":[]},"tagName":"main","layout":{"type":"constrained","wideSize":"1200px"}} -->
<main class="wp-block-query"><!-- wp:query-title {"type":"search","level":2,"style":{"spacing":{"padding":{"bottom":"0px","top":"var:preset|spacing|60"}}}} /-->

<!-- wp:search {"showLabel":false,"buttonPosition":"button-inside","buttonUseIcon":true,"style":{"border":{"top":{"color":"#dfdfdf","style":"solid","width":"1px"},"right":{"color":"#dfdfdf","style":"solid","width":"1px"},"bottom":{"color":"#dfdfdf","style":"solid","width":"1px"},"left":{"color":"#dfdfdf","style":"solid","width":"1px"}}},"backgroundColor":"primary","textColor":"background","fontSize":"small"} /-->

<!-- wp:group {"style":{"spacing":{"padding":{"top":"20px"}}},"layout":{"type":"default"}} -->
<div class="wp-block-group" style="padding-top:20px"><!-- wp:post-template {"layout":{"type":"grid","columnCount":3}} -->
<!-- wp:group -->
<div class="wp-block-group"><!-- wp:group {"layout":{"type":"flex","flexWrap":"nowrap"}} -->
<div class="wp-block-group"><!-- wp:group {"style":{"border":{"radius":"4px","top":{"style":"none","width":"0px"},"right":{"style":"none","width":"0px"},"bottom":{"style":"none","width":"0px"},"left":{"style":"none","width":"0px"}}},"backgroundColor":"tertiary","layout":{"type":"flex","flexWrap":"nowrap","justifyContent":"center"}} -->
<div class="wp-block-group has-tertiary-background-color has-background" style="border-radius:4px;border-top-style:none;border-top-width:0px;border-right-style:none;border-right-width:0px;border-bottom-style:none;border-bottom-width:0px;border-left-style:none;border-left-width:0px"><!-- wp:post-terms {"term":"category","textAlign":"center","separator":"  ","style":{"layout":{"selfStretch":"fill"},"spacing":{"padding":{"top":"6px","right":"6px","bottom":"6px","left":"6px"}}}} /--></div>
<!-- /wp:group --></div>
<!-- /wp:group -->

<!-- wp:post-featured-image {"isLink":true,"aspectRatio":"3/2"} /-->

<!-- wp:post-title {"isLink":true,"fontSize":"x-large"} /-->

<!-- wp:post-excerpt {"showMoreOnNewLine":false,"excerptLength":50} /-->

<!-- wp:post-date /-->

<!-- wp:spacer {"height":"40px"} -->
<div style="height:40px" aria-hidden="true" class="wp-block-spacer"></div>
<!-- /wp:spacer --></div>
<!-- /wp:group -->
<!-- /wp:post-template --></div>
<!-- /wp:group -->

<!-- wp:group {"align":"wide","layout":{"type":"constrained"}} -->
<div class="wp-block-group alignwide"><!-- wp:query-pagination {"align":"wide","layout":{"type":"flex","justifyContent":"space-between"}} -->
<!-- wp:query-pagination-previous /-->

<!-- wp:query-pagination-numbers /-->

<!-- wp:query-pagination-next /-->
<!-- /wp:query-pagination --></div>
<!-- /wp:group -->

<!-- wp:query-no-results -->
<!-- wp:pattern {"slug":"creatio-2/hidden-no-results-content"} /-->
<!-- /wp:query-no-results --></main>
<!-- /wp:query -->

<!-- wp:template-part {"slug":"footer","area":"footer","theme":"creatio-2"} /-->
]]></content:encoded>
  <excerpt:encoded><![CDATA[Tampilan saat pengunjung menjalankan pencarian di situs web Anda.]]></excerpt:encoded>
  <wp:post_id>59</wp:post_id>
  <wp:post_date>2023-12-26 21:35:21</wp:post_date>
  <wp:post_date_gmt>2023-12-26 14:35:21</wp:post_date_gmt>
  <wp:post_modified>2023-12-26 21:35:21</wp:post_modified>
  <wp:post_modified_gmt>2023-12-26 14:35:21</wp:post_modified_gmt>
  <wp:comment_status>closed</wp:comment_status>
  <wp:ping_status>closed</wp:ping_status>
  <wp:post_name>search</wp:post_name>
  <wp:status>publish</wp:status>
  <wp:post_parent>0</wp:post_parent>
  <wp:menu_order>0</wp:menu_order>
  <wp:post_type>wp_template</wp:post_type>
  <wp:post_password/>
  <wp:is_sticky>0</wp:is_sticky>
  <category domain="wp_theme" nicename="creatio-2"><![CDATA[creatio-2]]></category>
  <wp:postmeta>
    <wp:meta_key>origin</wp:meta_key>
    <wp:meta_value><![CDATA[theme]]></wp:meta_value>
  </wp:postmeta>
  <wp:postmeta>
    <wp:meta_key>_publicize_pending</wp:meta_key>
    <wp:meta_value><![CDATA[1]]></wp:meta_value>
  </wp:postmeta>
</item>
<item>
  <title><![CDATA[Artikel Jasa Sedot WC Tangerang Selatan]]></title>
  <link>https://sedotwctangsel5.wordpress.com/tentang-2/</link>
  <pubDate>Tue, 26 Dec 2023 15:20:09 +0000</pubDate>
  <dc:creator>lukmanulhakimti21</dc:creator>
  <guid isPermaLink="false">https://sedotwctangsel5.wordpress.com/?page_id=63</guid>
  <description/>
  <content:encoded><![CDATA[<!-- wp:group {"align":"full","layout":{"type":"constrained"}} -->
<div class="wp-block-group alignfull"><!-- wp:columns {"align":"wide","style":{"spacing":{"blockGap":{"left":"var:preset|spacing|70"},"margin":{"bottom":"var:preset|spacing|70"}}}} -->
<div class="wp-block-columns alignwide" style="margin-bottom:var(--wp--preset--spacing--70)"><!-- wp:column -->
<div class="wp-block-column"><!-- wp:gallery {"linkTo":"none"} -->
<figure class="wp-block-gallery has-nested-images columns-default is-cropped"><!-- wp:image {"id":30,"sizeSlug":"large","linkDestination":"none"} -->
<figure class="wp-block-image size-large"><img src="https://sedotwctangsel5.files.wordpress.com/2023/12/wc-2.jpg?w=1024" alt="" class="wp-image-30" /></figure>
<!-- /wp:image --></figure>
<!-- /wp:gallery -->

<!-- wp:image {"id":72,"width":"626px","height":"auto","sizeSlug":"large","linkDestination":"none"} -->
<figure class="wp-block-image size-large is-resized"><img src="https://sedotwctangsel5.files.wordpress.com/2023/12/layanan-1-3.png?w=1024" alt="" class="wp-image-72" style="width:626px;height:auto" /></figure>
<!-- /wp:image --></div>
<!-- /wp:column -->

<!-- wp:column {"verticalAlignment":"center"} -->
<div class="wp-block-column is-vertically-aligned-center"><!-- wp:heading -->
<h2 class="wp-block-heading"><strong>JASA SEDOT WC TANGERANG SELATAN</strong></h2>
<!-- /wp:heading -->

<!-- wp:paragraph {"align":"justify"} -->
<p class="has-text-align-justify">Jasa Sedot Wc Tangerang Selatan memiliki tenaga ahli yang berpengalaman, serta peralatan / armada yang cukup lengkap dan memadai untuk segala medan. Layanan kami mampu mengerjakan tanpa harus membongkar.</p>
<!-- /wp:paragraph -->

<!-- wp:heading -->
<h2 class="wp-block-heading"><strong>Artikel</strong></h2>
<!-- /wp:heading -->

<!-- wp:paragraph {"align":"justify"} -->
<p class="has-text-align-justify">Sedot WC Tangerang Selatan ( Tangsel ) adalah penyedia sedot Wc yang sudah sangat berpengalaman di bidangnya.Dalam kehidupan sehari-hari, WC yang sehat dan bersih merupakan faktor penting untuk menjaga kesehatan dan kenyamanan kita. Namun, seringkali kita menghadapi masalah seperti WC yang mampet atau bau tak sedap. Jangan khawatir, karena Sedot WC Tangerang Selatan akan memberikan pelayanan praktis untuk mengatasi masalah tersebut.</p>
<!-- /wp:paragraph -->

<!-- wp:paragraph {"align":"justify"} -->
<p class="has-text-align-justify">Kami Sedot WC Tangerang Selatan ( Tangsel ) sudah lama bergerak di bidang jasa penyedotan WC sejak tahun 2010. Pengalaman kami Sudah lebih dari 10 tahun lamanya kami sudah sangat dipercaya untuk memberikan jasa kepada masyarakat Tangerang Selatan &amp; Sekitarnya sudah merupakan tanggung jawab bagi kami untuk menyelesaikan setiap permasalahan secara professional, rapi, tuntas dan efisien. Pekerja / Team kami adalah pekerja yang terlatih dibidangnya yang sudah tidak diragukan lagi kinerjanya. Kami siap melayani Anda &amp; menyediakan jasa layanan 24 jam untuk permasalahan limbah anda. Harga Terjangkau..!!</p>
<!-- /wp:paragraph --></div>
<!-- /wp:column --></div>
<!-- /wp:columns --></div>
<!-- /wp:group -->

<!-- wp:group {"style":{"spacing":{"margin":{"bottom":"var:preset|spacing|70"}}},"layout":{"type":"constrained"}} -->
<div class="wp-block-group" style="margin-bottom:var(--wp--preset--spacing--70)"><!-- wp:heading -->
<h2 class="wp-block-heading">Visi kami</h2>
<!-- /wp:heading -->

<!-- wp:paragraph {"align":"justify"} -->
<p class="has-text-align-justify">"Menjadi penyedia jasa sedot WC terkemuka dengan fokus pada keunggulan layanan, inovasi teknologi, dan kepuasan pelanggan. Tujuan kami adalah menciptakan lingkungan bersih, sehat, dan nyaman, serta menjadi mitra yang dapat diandalkan dalam menangani permasalahan sanitasi domestik. Kami berkomitmen untuk memberikan pelayanan profesional, efisien, dan terbaik, menjadikan kami pilihan utama bagi pelanggan yang mempercayakan kami menjaga kebersihan dan kesehatan lingkungan mereka"</p>
<!-- /wp:paragraph -->

<!-- wp:group {"style":{"spacing":{"blockGap":"var:preset|spacing|30","margin":{"top":"var:preset|spacing|60","bottom":"var:preset|spacing|60"}}},"layout":{"type":"constrained"}} -->
<div class="wp-block-group" style="margin-top:var(--wp--preset--spacing--60);margin-bottom:var(--wp--preset--spacing--60)"><!-- wp:paragraph {"style":{"typography":{"fontStyle":"normal","fontWeight":"600","lineHeight":"1.25"}},"fontSize":"x-large"} -->
<p class="has-x-large-font-size" style="font-style:normal;font-weight:600;line-height:1.25">“Layanan luar biasa dengan harga yang wajar.”</p>
<!-- /wp:paragraph -->

<!-- wp:paragraph {"fontSize":"small"} -->
<p class="has-small-font-size">— Happy Customer</p>
<!-- /wp:paragraph --></div>
<!-- /wp:group -->

<!-- wp:heading -->
<h2 class="wp-block-heading">Komitmen Kinerja Kerja :</h2>
<!-- /wp:heading -->

<!-- wp:list {"ordered":true} -->
<ol><!-- wp:list-item -->
<li><strong>Respon Cepat dan Tanggap:</strong> Kami akan merespons setiap permintaan layanan dengan cepat dan tanggap, memberikan prioritas kepada situasi darurat, dan berusaha memberikan solusi dalam waktu yang sesingkat mungkin.</li>
<!-- /wp:list-item -->

<!-- wp:list-item -->
<li><strong>Pelayanan Berkualitas Tinggi:</strong> Kami berkomitmen untuk menyediakan pelayanan sedot WC yang berkualitas tinggi dengan menggunakan peralatan canggih dan metode terkini untuk memastikan keefektifan dan kepuasan pelanggan.</li>
<!-- /wp:list-item -->

<!-- wp:list-item -->
<li><strong>Transparansi Biaya:</strong> Kami berkomitmen untuk transparansi biaya dengan memberikan informasi yang jelas dan rinci tentang biaya layanan sebelum memulai pekerjaan, sehingga pelanggan dapat membuat keputusan yang informasional.</li>
<!-- /wp:list-item -->

<!-- wp:list-item -->
<li><strong>Pemeliharaan Lingkungan:</strong> Dalam menjalankan tugas kami, kami akan berusaha untuk meminimalkan dampak lingkungan, memastikan bahwa limbah ditangani dengan benar sesuai dengan regulasi, dan mendukung praktik ramah lingkungan.</li>
<!-- /wp:list-item -->

<!-- wp:list-item -->
<li><strong>Pelatihan dan Profesionalisme:</strong> Kami akan terus melatih karyawan kami dalam menggunakan peralatan terbaru dan menjaga standar tinggi dalam perilaku profesional. Kami berkomitmen untuk memberikan layanan dengan sikap ramah dan menghormati pelanggan.</li>
<!-- /wp:list-item --></ol>
<!-- /wp:list --></div>
<!-- /wp:group -->

<!-- wp:cover {"url":"https://sedotwctangsel5.files.wordpress.com/2023/12/wc-3.jpg","id":74,"dimRatio":10,"customOverlayColor":"#FFF","isUserOverlayColor":true,"minHeight":427,"minHeightUnit":"px","isDark":false,"align":"full","style":{"elements":{"link":{"color":{"text":"var:preset|color|primary"}}}},"textColor":"primary","layout":{"type":"constrained"}} -->
<div class="wp-block-cover alignfull is-light has-primary-color has-text-color has-link-color" style="min-height:427px"><span aria-hidden="true" class="wp-block-cover__background has-background-dim-10 has-background-dim" style="background-color:#FFF"></span><img class="wp-block-cover__image-background wp-image-74" alt="" src="https://sedotwctangsel5.files.wordpress.com/2023/12/wc-3.jpg" data-object-fit="cover" /><div class="wp-block-cover__inner-container"><!-- wp:heading {"textAlign":"center"} -->
<h2 class="wp-block-heading has-text-align-center"><mark style="background-color:rgba(0, 0, 0, 0);color:#ff6900" class="has-inline-color">Mari bersama ciptakan yang berarti</mark></h2>
<!-- /wp:heading -->

<!-- wp:buttons {"layout":{"type":"flex","justifyContent":"center"}} -->
<div class="wp-block-buttons"><!-- wp:button {"backgroundColor":"primary","textColor":"background","style":{"elements":{"link":{"color":{"text":"var:preset|color|background"}}}}} -->
<div class="wp-block-button"><a class="wp-block-button__link has-background-color has-primary-background-color has-text-color has-background has-link-color wp-element-button">Hubungi Kami</a></div>
<!-- /wp:button --></div>
<!-- /wp:buttons --></div></div>
<!-- /wp:cover -->]]></content:encoded>
  <excerpt:encoded><![CDATA[]]></excerpt:encoded>
  <wp:post_id>63</wp:post_id>
  <wp:post_date>2023-12-26 22:20:09</wp:post_date>
  <wp:post_date_gmt>2023-12-26 15:20:09</wp:post_date_gmt>
  <wp:post_modified>2023-12-26 23:29:05</wp:post_modified>
  <wp:post_modified_gmt>2023-12-26 16:29:05</wp:post_modified_gmt>
  <wp:comment_status>closed</wp:comment_status>
  <wp:ping_status>closed</wp:ping_status>
  <wp:post_name>tentang-2</wp:post_name>
  <wp:status>publish</wp:status>
  <wp:post_parent>0</wp:post_parent>
  <wp:menu_order>0</wp:menu_order>
  <wp:post_type>page</wp:post_type>
  <wp:post_password/>
  <wp:is_sticky>0</wp:is_sticky>
  <wp:postmeta>
    <wp:meta_key>_last_editor_used_jetpack</wp:meta_key>
    <wp:meta_value><![CDATA[block-editor]]></wp:meta_value>
  </wp:postmeta>
  <wp:postmeta>
    <wp:meta_key>_publicize_pending</wp:meta_key>
    <wp:meta_value><![CDATA[1]]></wp:meta_value>
  </wp:postmeta>
  <wp:postmeta>
    <wp:meta_key>firehose_sent</wp:meta_key>
    <wp:meta_value><![CDATA[1703604011]]></wp:meta_value>
  </wp:postmeta>
  <wp:postmeta>
    <wp:meta_key>jetpack_seo_noindex</wp:meta_key>
    <wp:meta_value><![CDATA[]]></wp:meta_value>
  </wp:postmeta>
  <wp:postmeta>
    <wp:meta_key>_jetpack_post_was_ever_published</wp:meta_key>
    <wp:meta_value><![CDATA[]]></wp:meta_value>
  </wp:postmeta>
  <wp:postmeta>
    <wp:meta_key>reader_suggested_tags</wp:meta_key>
    <wp:meta_value><![CDATA[]]></wp:meta_value>
  </wp:postmeta>
  <wp:postmeta>
    <wp:meta_key>footnotes</wp:meta_key>
    <wp:meta_value><![CDATA[]]></wp:meta_value>
  </wp:postmeta>
  <wp:postmeta>
    <wp:meta_key>_starter_page_template</wp:meta_key>
    <wp:meta_value><![CDATA[about-15]]></wp:meta_value>
  </wp:postmeta>
  <wp:postmeta>
    <wp:meta_key>_wpcom_template_layout_category</wp:meta_key>
    <wp:meta_value><![CDATA[a:1:{i:0;s:5:"about";}]]></wp:meta_value>
  </wp:postmeta>
</item>
<item>
  <title><![CDATA[profil]]></title>
  <link>https://sedotwctangsel5.wordpress.com/?page_id=67</link>
  <pubDate/>
  <dc:creator>lukmanulhakimti21</dc:creator>
  <guid isPermaLink="false">https://sedotwctangsel5.wordpress.com/?page_id=67</guid>
  <description/>
  <content:encoded><![CDATA[]]></content:encoded>
  <excerpt:encoded><![CDATA[]]></excerpt:encoded>
  <wp:post_id>67</wp:post_id>
  <wp:post_date>2023-12-26 22:40:48</wp:post_date>
  <wp:post_date_gmt>0000-00-00 00:00:00</wp:post_date_gmt>
  <wp:post_modified>2023-12-26 22:40:48</wp:post_modified>
  <wp:post_modified_gmt>0000-00-00 00:00:00</wp:post_modified_gmt>
  <wp:comment_status>closed</wp:comment_status>
  <wp:ping_status>closed</wp:ping_status>
  <wp:post_name/>
  <wp:status>draft</wp:status>
  <wp:post_parent>0</wp:post_parent>
  <wp:menu_order>0</wp:menu_order>
  <wp:post_type>page</wp:post_type>
  <wp:post_password/>
  <wp:is_sticky>0</wp:is_sticky>
</item>
<item>
  <title><![CDATA[Profil]]></title>
  <link>https://sedotwctangsel5.wordpress.com/?page_id=68</link>
  <pubDate/>
  <dc:creator>lukmanulhakimti21</dc:creator>
  <guid isPermaLink="false">https://sedotwctangsel5.wordpress.com/?page_id=68</guid>
  <description/>
  <content:encoded><![CDATA[]]></content:encoded>
  <excerpt:encoded><![CDATA[]]></excerpt:encoded>
  <wp:post_id>68</wp:post_id>
  <wp:post_date>2023-12-26 22:43:03</wp:post_date>
  <wp:post_date_gmt>0000-00-00 00:00:00</wp:post_date_gmt>
  <wp:post_modified>2023-12-26 22:43:03</wp:post_modified>
  <wp:post_modified_gmt>0000-00-00 00:00:00</wp:post_modified_gmt>
  <wp:comment_status>closed</wp:comment_status>
  <wp:ping_status>closed</wp:ping_status>
  <wp:post_name/>
  <wp:status>draft</wp:status>
  <wp:post_parent>0</wp:post_parent>
  <wp:menu_order>0</wp:menu_order>
  <wp:post_type>page</wp:post_type>
  <wp:post_password/>
  <wp:is_sticky>0</wp:is_sticky>
</item>
<item>
  <title><![CDATA[layanan-1-3]]></title>
  <link>https://sedotwctangsel5.wordpress.com/?attachment_id=72</link>
  <pubDate>Tue, 26 Dec 2023 16:00:23 +0000</pubDate>
  <dc:creator>lukmanulhakimti21</dc:creator>
  <guid isPermaLink="false">http://sedotwctangsel5.files.wordpress.com/2023/12/layanan-1-3.png</guid>
  <description/>
  <content:encoded><![CDATA[]]></content:encoded>
  <excerpt:encoded><![CDATA[]]></excerpt:encoded>
  <wp:post_id>72</wp:post_id>
  <wp:post_date>2023-12-26 23:00:23</wp:post_date>
  <wp:post_date_gmt>2023-12-26 16:00:23</wp:post_date_gmt>
  <wp:post_modified>2023-12-26 23:00:23</wp:post_modified>
  <wp:post_modified_gmt>2023-12-26 16:00:23</wp:post_modified_gmt>
  <wp:comment_status>open</wp:comment_status>
  <wp:ping_status>closed</wp:ping_status>
  <wp:post_name>layanan-1-3</wp:post_name>
  <wp:status>inherit</wp:status>
  <wp:post_parent>67</wp:post_parent>
  <wp:menu_order>0</wp:menu_order>
  <wp:post_type>attachment</wp:post_type>
  <wp:post_password/>
  <wp:is_sticky>0</wp:is_sticky>
  <wp:attachment_url>https://sedotwctangsel5.files.wordpress.com/2023/12/layanan-1-3.png</wp:attachment_url>
  <wp:postmeta>
    <wp:meta_key>_wp_attached_file</wp:meta_key>
    <wp:meta_value><![CDATA[/home/wpcom/public_html/wp-content/blogs.dir/5a8/227350392/files/2023/12/layanan-1-3.png]]></wp:meta_value>
  </wp:postmeta>
  <wp:postmeta>
    <wp:meta_key>_wp_attachment_metadata</wp:meta_key>
    <wp:meta_value><![CDATA[a:6:{s:5:"width";i:1304;s:6:"height";i:321;s:4:"file";s:88:"/home/wpcom/public_html/wp-content/blogs.dir/5a8/227350392/files/2023/12/layanan-1-3.png";s:8:"filesize";i:107856;s:5:"sizes";a:0:{}s:10:"image_meta";a:12:{s:8:"aperture";s:1:"0";s:6:"credit";s:0:"";s:6:"camera";s:0:"";s:7:"caption";s:0:"";s:17:"created_timestamp";s:1:"0";s:9:"copyright";s:0:"";s:12:"focal_length";s:1:"0";s:3:"iso";s:1:"0";s:13:"shutter_speed";s:1:"0";s:5:"title";s:0:"";s:11:"orientation";s:1:"0";s:8:"keywords";a:0:{}}}]]></wp:meta_value>
  </wp:postmeta>
</item>
<item>
  <title><![CDATA[screenshot-2023-12-25-232839-3]]></title>
  <link>https://sedotwctangsel5.wordpress.com/?attachment_id=73</link>
  <pubDate>Tue, 26 Dec 2023 16:23:54 +0000</pubDate>
  <dc:creator>lukmanulhakimti21</dc:creator>
  <guid isPermaLink="false">http://sedotwctangsel5.files.wordpress.com/2023/12/screenshot-2023-12-25-232839-3.png</guid>
  <description/>
  <content:encoded><![CDATA[]]></content:encoded>
  <excerpt:encoded><![CDATA[]]></excerpt:encoded>
  <wp:post_id>73</wp:post_id>
  <wp:post_date>2023-12-26 23:23:54</wp:post_date>
  <wp:post_date_gmt>2023-12-26 16:23:54</wp:post_date_gmt>
  <wp:post_modified>2023-12-26 23:23:54</wp:post_modified>
  <wp:post_modified_gmt>2023-12-26 16:23:54</wp:post_modified_gmt>
  <wp:comment_status>open</wp:comment_status>
  <wp:ping_status>closed</wp:ping_status>
  <wp:post_name>screenshot-2023-12-25-232839-3</wp:post_name>
  <wp:status>inherit</wp:status>
  <wp:post_parent>67</wp:post_parent>
  <wp:menu_order>0</wp:menu_order>
  <wp:post_type>attachment</wp:post_type>
  <wp:post_password/>
  <wp:is_sticky>0</wp:is_sticky>
  <wp:attachment_url>https://sedotwctangsel5.files.wordpress.com/2023/12/screenshot-2023-12-25-232839-3.png</wp:attachment_url>
  <wp:postmeta>
    <wp:meta_key>_wp_attached_file</wp:meta_key>
    <wp:meta_value><![CDATA[/home/wpcom/public_html/wp-content/blogs.dir/5a8/227350392/files/2023/12/screenshot-2023-12-25-232839-3.png]]></wp:meta_value>
  </wp:postmeta>
  <wp:postmeta>
    <wp:meta_key>_wp_attachment_metadata</wp:meta_key>
    <wp:meta_value><![CDATA[a:6:{s:5:"width";i:390;s:6:"height";i:399;s:4:"file";s:107:"/home/wpcom/public_html/wp-content/blogs.dir/5a8/227350392/files/2023/12/screenshot-2023-12-25-232839-3.png";s:8:"filesize";i:25991;s:5:"sizes";a:0:{}s:10:"image_meta";a:12:{s:8:"aperture";s:1:"0";s:6:"credit";s:0:"";s:6:"camera";s:0:"";s:7:"caption";s:0:"";s:17:"created_timestamp";s:1:"0";s:9:"copyright";s:0:"";s:12:"focal_length";s:1:"0";s:3:"iso";s:1:"0";s:13:"shutter_speed";s:1:"0";s:5:"title";s:0:"";s:11:"orientation";s:1:"0";s:8:"keywords";a:0:{}}}]]></wp:meta_value>
  </wp:postmeta>
</item>
<item>
  <title><![CDATA[wc-3]]></title>
  <link>https://sedotwctangsel5.wordpress.com/?attachment_id=74</link>
  <pubDate>Tue, 26 Dec 2023 16:24:48 +0000</pubDate>
  <dc:creator>lukmanulhakimti21</dc:creator>
  <guid isPermaLink="false">http://sedotwctangsel5.files.wordpress.com/2023/12/wc-3.jpg</guid>
  <description/>
  <content:encoded><![CDATA[]]></content:encoded>
  <excerpt:encoded><![CDATA[]]></excerpt:encoded>
  <wp:post_id>74</wp:post_id>
  <wp:post_date>2023-12-26 23:24:48</wp:post_date>
  <wp:post_date_gmt>2023-12-26 16:24:48</wp:post_date_gmt>
  <wp:post_modified>2023-12-26 23:24:48</wp:post_modified>
  <wp:post_modified_gmt>2023-12-26 16:24:48</wp:post_modified_gmt>
  <wp:comment_status>open</wp:comment_status>
  <wp:ping_status>closed</wp:ping_status>
  <wp:post_name>wc-3</wp:post_name>
  <wp:status>inherit</wp:status>
  <wp:post_parent>67</wp:post_parent>
  <wp:menu_order>0</wp:menu_order>
  <wp:post_type>attachment</wp:post_type>
  <wp:post_password/>
  <wp:is_sticky>0</wp:is_sticky>
  <wp:attachment_url>https://sedotwctangsel5.files.wordpress.com/2023/12/wc-3.jpg</wp:attachment_url>
  <wp:postmeta>
    <wp:meta_key>_wp_attached_file</wp:meta_key>
    <wp:meta_value><![CDATA[/home/wpcom/public_html/wp-content/blogs.dir/5a8/227350392/files/2023/12/wc-3.jpg]]></wp:meta_value>
  </wp:postmeta>
  <wp:postmeta>
    <wp:meta_key>_wp_attachment_metadata</wp:meta_key>
    <wp:meta_value><![CDATA[a:6:{s:5:"width";i:1280;s:6:"height";i:720;s:4:"file";s:81:"/home/wpcom/public_html/wp-content/blogs.dir/5a8/227350392/files/2023/12/wc-3.jpg";s:8:"filesize";i:79955;s:5:"sizes";a:0:{}s:10:"image_meta";a:12:{s:8:"aperture";s:1:"0";s:6:"credit";s:0:"";s:6:"camera";s:0:"";s:7:"caption";s:0:"";s:17:"created_timestamp";s:1:"0";s:9:"copyright";s:0:"";s:12:"focal_length";s:1:"0";s:3:"iso";s:1:"0";s:13:"shutter_speed";s:1:"0";s:5:"title";s:0:"";s:11:"orientation";s:1:"0";s:8:"keywords";a:0:{}}}]]></wp:meta_value>
  </wp:postmeta>
</item>
  </channel>
</rss>
